#{"t_start": 1533039198.3577511, "env_id": "Hopper-v2"}
r,l,t
9.301124,19,0.85789
17.517131,19,0.866403
20.997171,21,0.875706
29.208975,35,0.891128
8.438938,19,0.899606
11.396239,30,0.912851
11.877599,16,0.920008
17.810637,21,0.929214
6.415017,12,0.934491
10.466147,12,0.9397
19.21272,21,0.948994
15.457856,22,0.958931
6.098616,9,0.962836
19.14914,19,0.971211
20.570892,20,0.979984
7.257522,12,0.985272
19.386464,31,0.999019
8.347419,27,1.010991
7.14048,9,1.014964
8.831078,11,1.019811
8.752426,16,1.026925
14.785958,33,1.041481
60.953567,59,1.06727
10.295508,23,1.077459
19.111738,32,1.09155
13.016221,16,1.098685
23.385121,22,1.108362
7.006176,11,1.113272
11.312893,26,1.124786
9.833527,16,1.131984
8.915634,12,1.137271
20.746088,24,1.147942
9.415291,14,1.154004
7.516905,14,1.160148
7.643605,15,1.166777
5.075502,8,1.170267
16.067461,19,1.178588
129.094419,86,1.216049
18.082587,19,1.224443
4.980811,8,1.227815
12.109788,15,1.234436
7.825634,11,1.239202
7.083946,11,1.244073
45.612745,36,1.260145
10.245881,13,1.265801
6.719474,9,1.269847
7.005566,11,1.274543
10.891573,15,1.281097
50.866236,36,1.296984
22.805572,23,1.307044
15.778022,18,1.314923
18.750862,18,1.322778
13.678894,20,1.332399
8.68502,13,1.339531
7.057599,14,1.345227
22.878022,29,1.356784
12.341899,14,1.362362
20.276058,20,1.370317
4.109868,9,1.373955
19.171078,26,1.384504
8.460306,15,1.390638
20.605283,19,1.399213
5.642351,14,1.405505
31.350101,26,1.417123
4.753388,14,1.42347
8.358859,14,1.429985
7.243111,13,1.435809
11.514778,18,1.444484
8.095489,10,1.450124
11.618991,17,1.456913
6.593227,22,1.466331
5.5703,8,1.469589
16.192662,16,1.476752
11.719935,14,1.482975
10.808395,20,1.491874
6.167684,14,1.498156
29.020808,28,1.510681
5.175909,15,1.517442
21.116553,42,1.536051
5.30323,10,1.540494
19.447885,20,1.549338
25.881878,25,1.560446
112.580249,71,1.592057
11.402611,16,1.599187
8.898833,25,1.610359
6.07924,9,1.614353
7.176135,13,1.620184
5.62564,16,1.627383
9.23436,11,1.6322
14.075124,18,1.640176
13.575878,28,1.652524
15.775037,15,1.659158
9.394419,23,1.669415
10.602964,14,1.675694
8.865139,17,1.683276
6.367935,11,1.688163
8.354964,14,1.694356
4.565361,10,1.698872
28.302697,29,1.71159
11.11322,15,1.718237
7.063629,26,1.729932
13.283587,15,1.736555
4.543313,11,1.741475
9.564266,22,1.751199
6.840384,11,1.756063
13.344822,18,1.764139
8.759994,11,1.768947
6.662491,9,1.772864
54.991861,63,1.800799
9.576607,30,1.814031
8.981268,11,1.818898
5.000581,8,1.822424
17.329577,31,1.836425
42.1035,38,1.853093
8.9426,20,1.861923
7.665856,13,1.867548
14.899123,15,1.874207
33.907552,29,1.88687
35.374439,46,1.907358
9.668211,13,1.912955
8.932474,14,1.919153
12.651484,21,1.928571
9.428346,12,1.933775
16.350066,21,1.943168
16.256359,28,1.955652
21.271754,22,1.965472
8.716103,21,1.975628
12.233846,14,1.981759
32.463864,28,1.993976
22.846562,39,2.011203
13.240695,17,2.018775
9.279161,13,2.024521
15.575654,26,2.036413
8.077197,17,2.044017
6.47909,21,2.053339
12.09655,13,2.059098
29.868149,35,2.074809
7.52292,10,2.079117
50.720133,41,2.096992
6.740976,9,2.100871
10.180053,14,2.107049
11.039786,23,2.117304
7.093343,11,2.122259
23.980634,22,2.132116
15.282988,17,2.139592
8.928348,12,2.144578
29.065557,26,2.155712
9.519402,13,2.161496
9.207472,15,2.168149
34.612935,33,2.182751
20.124176,20,2.191575
19.336081,21,2.200953
10.777517,14,2.207213
32.223013,28,2.219492
7.225003,10,2.223925
10.119757,15,2.230692
10.690945,24,2.241414
16.484215,24,2.251931
48.375414,30,2.265105
14.404963,16,2.272075
23.424062,23,2.282392
9.708563,26,2.294016
15.510112,21,2.303285
6.404517,8,2.306893
11.751983,13,2.3126
21.549796,21,2.321917
56.735336,45,2.34162
37.343658,31,2.355242
8.043099,10,2.35972
16.715596,17,2.367065
9.374279,18,2.375052
20.421965,17,2.382655
20.364975,24,2.393243
10.445405,12,2.398512
10.3467,15,2.405203
22.411219,21,2.414478
10.762152,14,2.420663
17.101836,21,2.430059
23.042265,22,2.43992
7.054484,11,2.444684
25.816194,33,2.459266
94.448818,52,2.481856
6.296007,10,2.48615
6.151773,12,2.491551
36.825864,48,2.512875
9.94218,28,2.525208
12.453544,19,2.5337
21.740561,22,2.54342
8.853831,27,2.555404
14.081824,25,2.566477
7.41269,32,2.580699
16.732587,23,2.590967
13.960746,19,2.599527
27.245721,23,2.609715
12.812553,21,2.619184
16.612842,17,2.626688
5.248969,12,2.632166
9.2214,12,2.637418
6.245306,9,2.641384
9.617232,12,2.646777
10.779761,13,2.652505
10.248563,12,2.657771
9.39766,13,2.663582
8.869616,13,2.669416
7.018571,10,2.673892
7.182755,15,2.680533
8.7586,21,2.689918
11.840465,14,2.696104
8.176418,11,2.700892
33.063199,46,2.721605
56.978794,48,2.743074
6.539517,10,2.747616
7.128674,28,2.760135
9.216664,12,2.765405
12.137592,14,2.771492
4.913702,7,2.774551
14.210367,19,2.782933
10.07886,17,2.790458
12.309826,20,2.799283
6.611823,24,2.810078
8.8532,13,2.815784
8.505377,16,2.822881
20.928231,20,2.831703
5.635542,9,2.835668
5.938126,16,2.842794
10.031867,14,2.848943
20.142465,24,2.859632
5.000762,9,2.863673
10.865188,13,2.869435
4.734733,10,2.873898
14.247158,16,2.880984
7.433801,10,2.885262
123.532599,67,2.914948
9.006228,11,2.919599
19.676242,24,2.930484
10.012097,16,2.937484
16.287027,20,2.946378
8.378572,15,2.953091
22.932325,29,2.966128
7.158159,12,2.971477
14.001903,14,2.977628
16.47692,21,2.986873
12.260754,23,2.997049
12.145635,13,3.002704
12.147017,16,3.009751
9.934992,18,3.017664
14.973738,17,3.025152
9.103696,27,3.036888
22.057503,25,3.048003
10.94813,16,3.055075
9.075779,11,3.059879
18.18666,23,3.766211
10.239334,12,3.771655
12.067247,31,3.784723
17.994917,24,3.795182
10.74634,18,3.802845
26.722746,32,3.816343
26.136559,26,3.827499
118.220067,68,3.855873
10.07783,13,3.861341
7.854472,12,3.866393
33.787417,38,3.882586
13.170444,17,3.889754
12.050639,12,3.894904
8.795162,12,3.899934
9.516093,13,3.905493
7.792424,10,3.90962
36.834888,30,3.922174
11.271106,22,3.931626
28.061516,24,3.94207
9.758199,12,3.947386
13.96625,18,3.955378
20.336062,21,3.964605
22.580854,22,3.974411
65.578208,44,3.99373
21.491204,25,4.004775
6.385526,9,4.00878
17.44481,23,4.019002
63.541972,40,4.036724
28.515336,23,4.046804
10.897599,24,4.057369
14.305305,17,4.064719
16.161481,17,4.07221
7.508702,15,4.078903
69.909932,65,4.107389
12.15275,17,4.114804
28.894801,33,4.129522
17.169604,17,4.137028
54.980945,47,4.15789
6.11169,10,4.162319
18.272755,23,4.172618
10.31659,12,4.177818
12.531689,34,4.192982
9.479831,14,4.199151
13.293684,16,4.206232
53.45044,57,4.231101
9.557002,21,4.240464
7.15855,11,4.245388
34.109499,27,4.257255
6.923694,10,4.261595
7.790939,15,4.268244
10.158983,19,4.276661
5.732584,8,4.280123
25.281947,25,4.291194
37.0041,36,4.307252
6.169641,9,4.311118
32.611884,37,4.327475
100.91138,66,4.356216
6.90245,9,4.36026
5.53841,10,4.364707
27.981277,27,4.376806
45.882564,34,4.391748
10.957395,15,4.398344
15.785279,19,4.406709
6.54344,8,4.410241
8.490932,11,4.415019
13.276479,15,4.421536
10.473678,16,4.428868
6.801321,9,4.433038
9.747343,12,4.438293
10.627698,13,4.443936
14.444892,15,4.450536
41.439795,46,4.471067
35.610504,44,4.490631
16.165978,15,4.497278
7.400675,10,4.501669
90.478751,51,4.524116
63.75762,40,4.541454
16.518979,16,4.548596
8.212306,13,4.55436
61.3689,48,4.57542
11.636727,14,4.581553
11.042639,16,4.58865
36.681806,30,4.601918
4.891415,8,4.605426
11.855868,23,4.615648
13.090984,17,4.623254
28.37215,34,4.638488
8.846204,11,4.643363
9.769837,12,4.648567
7.3133,10,4.653088
89.569902,52,4.675972
7.433598,17,4.683508
63.331536,41,4.701417
7.874419,15,4.708464
9.691765,15,4.715154
11.163695,12,4.720399
31.110108,46,4.740629
36.066891,31,4.754304
8.887256,12,4.759536
21.1754,34,4.774746
19.971382,20,4.783602
6.607553,10,4.787972
9.158631,13,4.793782
10.972862,13,4.799534
26.620291,24,4.810146
10.223797,12,4.815367
31.711999,32,4.829358
10.279759,13,4.83498
7.558427,11,4.839854
10.521733,12,4.84515
20.83772,21,4.85448
6.544511,10,4.858825
19.150622,17,4.866416
25.037122,22,4.876164
9.701013,10,4.880675
23.43295,25,4.891382
31.088781,40,4.908922
67.910071,44,4.928118
8.422319,12,4.933411
12.133386,16,4.940511
21.126935,20,4.949364
7.598917,11,4.954255
10.732921,19,4.962694
6.221052,9,4.966597
40.11458,33,4.981175
13.693641,16,4.988269
17.050539,24,4.998934
8.943393,14,5.005201
17.428987,17,5.01271
17.899519,16,5.019785
26.169546,25,5.030861
12.537313,14,5.037068
6.64121,25,5.048163
11.157262,12,5.053519
13.290287,16,5.060648
7.794678,15,5.06725
95.471629,64,5.096197
9.711122,14,5.102249
12.862837,14,5.108492
58.96375,39,5.125559
42.136641,55,5.149812
19.854276,21,5.159266
6.454125,11,5.164229
7.991692,13,5.170065
7.1086,10,5.174446
12.078375,14,5.180534
9.204411,27,5.192525
7.752909,13,5.198165
14.946153,17,5.205614
6.62991,9,5.209462
12.450195,14,5.215523
7.24627,11,5.220417
10.689293,20,5.229259
35.550724,28,5.241526
8.654672,11,5.246304
25.157247,23,5.256532
17.583906,16,5.263566
11.206342,12,5.268854
10.356414,17,5.276236
10.901993,13,5.281942
10.735339,14,5.288156
16.618856,20,5.296883
27.926919,25,5.307779
11.120585,22,5.317529
7.561691,10,5.32184
19.302059,22,5.331661
13.975445,20,5.340561
18.261413,23,5.350841
11.092669,14,5.357003
5.167539,18,5.364995
9.131927,19,5.373459
12.670641,15,5.380078
12.391124,20,5.388898
9.987645,13,5.394509
6.870313,16,5.401699
8.813461,19,5.410181
22.156571,42,5.429006
29.143308,33,5.443794
8.528655,14,5.450033
7.892347,10,5.45431
7.057621,12,5.459713
8.868002,27,5.471749
11.286587,16,5.478878
33.37975,30,5.492048
134.957785,83,5.528454
14.153264,32,5.542609
6.436441,13,5.548357
5.945907,10,5.552796
164.580683,99,5.595944
14.755966,15,5.602495
12.245723,13,5.608263
6.339875,9,5.612282
12.451727,13,5.618029
23.53627,27,5.630067
18.856286,25,5.641294
6.795105,14,5.647607
7.987629,28,5.660072
65.402258,40,5.677806
11.271883,14,5.683943
18.023409,26,5.695605
8.504048,13,5.701269
8.760823,21,5.710486
5.847734,9,5.714573
40.22774,33,5.729236
10.807749,19,5.737712
10.792032,12,5.742975
7.624822,21,5.752328
30.53673,24,5.762961
43.289427,32,5.776824
14.601595,15,5.783638
14.178633,22,5.793449
7.50202,17,5.801015
6.232701,10,5.805478
37.714589,30,5.818694
20.789361,20,5.827697
68.356949,41,5.846036
12.141253,14,5.852159
93.933886,51,5.874628
7.833474,11,5.879339
37.01426,45,5.899373
19.3818,18,5.907364
45.110949,35,5.92273
29.523294,33,5.937525
12.054067,22,5.947231
41.521804,45,6.412784
11.313797,13,6.418587
5.536581,14,6.425024
52.651585,41,6.443384
11.550783,17,6.450781
26.297974,32,6.465051
23.660651,26,6.476517
89.709651,50,6.498306
122.167235,65,6.526674
139.320675,79,6.561512
11.212963,13,6.567239
11.832534,23,6.57771
81.970682,49,6.599419
149.089814,87,6.637844
24.425781,30,6.651263
41.348145,33,6.665855
57.980235,40,6.683724
7.057613,30,6.69712
191.745729,100,6.740737
76.217745,47,6.761003
55.206353,40,6.77882
64.484444,46,6.798908
86.471288,49,6.820331
18.250854,18,6.828158
92.017415,64,6.856481
16.842779,27,6.868602
18.105356,23,6.878865
13.05651,17,6.886465
82.888536,51,6.908329
91.564557,52,6.931151
53.113657,40,6.948995
20.097898,21,6.95831
6.434717,9,6.962221
77.761016,45,6.981791
7.15146,15,6.988483
71.082721,42,7.007137
9.179747,12,7.012266
20.366328,20,7.021151
19.424253,24,7.031923
6.197942,13,7.037756
15.015138,21,7.046935
10.797436,17,7.054444
4.644529,10,7.058886
13.647313,22,7.068689
7.753231,17,7.076292
21.20994,34,7.091436
14.138869,23,7.101696
10.577424,16,7.108691
108.585385,61,7.135204
155.089022,94,7.176665
58.054475,37,7.193089
36.295882,30,7.206426
32.706449,33,7.22118
71.858656,49,7.242466
29.958865,27,7.254325
51.774527,31,7.267984
53.29386,33,7.282518
6.877304,10,7.287105
158.686913,82,7.322849
17.720312,18,7.330709
14.158924,16,7.33771
68.203359,57,7.363007
19.001963,22,7.372618
10.77383,17,7.379951
45.989214,66,7.409056
99.134424,70,7.440325
93.75674,60,7.467203
21.249368,31,7.481061
31.213051,35,7.496526
99.75476,56,7.52099
11.679447,30,7.534358
13.400691,15,7.54091
9.648478,12,7.546197
18.82592,16,7.553229
38.497057,28,7.565622
147.926925,81,7.601543
60.217336,36,7.617602
17.487063,17,7.625187
114.583701,61,7.652081
15.379854,18,7.660094
40.953844,33,7.674628
8.749414,11,7.679512
91.641427,55,7.70343
50.780024,30,7.716779
5.546738,8,7.72033
125.265788,97,7.763539
22.815008,29,7.776751
13.872313,17,7.78431
14.197003,20,7.793342
58.834783,37,7.809867
78.640944,44,7.829131
58.400318,45,7.848879
10.382394,13,7.854588
21.625231,22,7.86428
74.087396,52,7.886955
37.561644,27,7.898818
98.210792,61,7.925923
18.645571,27,7.938043
8.231952,11,7.94291
58.709706,41,7.960948
82.31944,51,7.983437
79.929537,47,8.003923
78.446241,51,8.026511
10.627283,17,8.034032
18.696632,17,8.041525
6.917438,9,8.045476
41.148754,28,8.057891
20.959047,20,8.066713
76.106047,57,8.091851
12.239954,14,8.098039
67.218264,44,8.117528
49.888078,49,8.139086
43.910373,34,8.15411
12.223644,16,8.16122
72.451426,51,8.183498
7.166317,11,8.188285
8.997294,20,8.197104
24.574296,21,8.206486
107.612306,84,8.243613
14.898236,30,8.256808
75.449973,58,8.282317
7.052997,9,8.286307
75.352062,44,8.30572
69.721386,44,8.325154
54.317404,32,8.339278
8.400572,14,8.345532
39.937221,45,8.36541
107.433037,71,8.39714
6.813146,9,8.401093
41.883794,39,8.419173
19.689188,20,8.428295
6.665599,12,8.433689
128.289897,69,8.463876
9.965113,11,8.468788
76.014804,44,8.488258
12.413603,13,8.494105
89.950817,51,8.516411
101.225171,55,8.540664
17.13267,22,8.550439
38.421176,29,8.56333
25.948093,29,8.576106
28.781008,25,8.587038
53.394615,45,8.606888
117.928382,71,9.121175
103.950207,56,9.146687
12.872557,14,9.152971
67.814087,43,9.172023
71.153924,43,9.190933
110.616895,74,9.22175
14.08734,14,9.227761
70.683681,42,9.245364
94.569508,53,9.268039
75.658682,46,9.288491
24.995997,24,9.299171
175.408317,114,9.349172
6.363262,9,9.353112
22.626005,40,9.371054
83.02721,51,9.394021
10.251119,16,9.401188
158.422131,87,9.439448
50.195544,30,9.452852
21.331591,25,9.464147
80.580702,64,9.492541
65.273582,39,9.509703
12.197474,20,9.518622
14.948076,32,9.53309
114.202021,80,9.568116
151.250958,102,9.61443
77.592611,47,9.635284
100.621968,60,9.661589
7.08942,10,9.666009
102.423113,58,9.691669
15.291736,18,9.699727
70.846833,51,9.722232
71.271196,44,9.741767
72.711509,45,9.761823
93.423891,53,9.785182
43.613095,31,9.798674
19.153349,24,9.809398
7.260044,13,9.815261
85.143793,55,9.839569
13.298302,20,9.848419
94.926237,73,9.880409
21.715657,22,9.89029
85.357862,55,9.914787
8.506844,13,9.921295
15.749492,20,9.930337
31.086324,38,9.947137
16.436417,18,9.955128
83.288138,48,9.976133
91.760313,52,9.998962
11.53881,12,10.004251
151.60396,76,10.038234
71.736056,42,10.056906
21.384462,27,10.068933
92.731058,58,10.094492
68.801625,58,10.120567
74.668029,44,10.140294
18.225129,18,10.148356
10.651717,35,10.163779
36.644577,59,10.19195
47.305154,40,10.210274
95.063182,54,10.23456
156.62927,100,10.278263
73.895131,43,10.297274
126.507278,69,10.327568
11.67167,17,10.335189
141.715043,73,10.367439
7.625907,12,10.372845
4.374061,15,10.379667
17.217976,28,10.392314
63.979289,44,10.411557
30.871442,26,10.423186
97.864892,55,10.447614
13.24948,22,10.457438
91.722803,68,10.487652
23.82476,44,10.505837
146.153433,87,10.543875
136.508934,74,10.575972
10.924685,21,10.584351
46.241316,38,10.599371
64.796173,38,10.614618
70.126282,44,10.633774
229.64911,111,10.682579
9.643807,12,10.687857
14.839531,23,10.698159
88.481108,50,10.718525
106.768676,67,10.745498
17.300145,19,10.753969
60.272658,36,10.769881
28.309326,24,10.781143
74.742056,46,10.803498
43.979168,35,10.818786
78.848991,46,10.839045
75.351706,45,10.858849
49.276366,29,10.870457
25.838059,33,10.88388
10.51555,18,10.891047
23.976569,23,10.900131
11.452193,22,10.91009
27.920664,52,10.933123
80.797138,51,10.955623
34.614203,36,10.971722
99.069712,57,10.996279
30.199453,29,11.009347
36.82128,32,11.023717
9.114534,13,11.02967
25.3972,31,11.04366
51.170121,51,11.066167
72.940337,43,11.086108
69.7276,42,11.104974
86.954757,48,11.126248
36.28007,50,11.148473
23.768895,35,11.164251
108.976536,66,11.193473
70.370327,42,11.211873
28.029702,29,11.224736
76.02664,45,11.244572
85.222075,55,11.269032
122.320858,76,11.769166
235.670219,112,11.820067
26.089453,22,11.829926
58.274387,35,11.84551
61.08747,44,11.865014
73.99875,44,11.884518
114.892886,63,11.911878
92.340122,54,11.936075
101.91595,58,11.961805
11.275934,16,11.968952
149.668675,115,12.019586
73.36991,50,12.041551
15.125218,16,12.048662
60.888004,35,12.06415
118.924752,85,12.101856
60.137169,37,12.118171
136.657386,80,12.152541
40.908442,44,12.172111
95.370579,55,12.196218
79.110857,46,12.215977
13.600367,20,12.224921
15.492668,28,12.237539
69.194901,42,12.255942
58.79013,35,12.271479
121.509068,70,12.30256
86.625002,57,12.327518
93.328861,56,12.352514
121.132874,63,12.380005
117.493007,64,12.408037
10.995993,15,12.414573
70.259137,42,12.433429
32.718695,36,12.449432
18.809695,18,12.45741
75.762664,53,12.481005
127.910075,76,12.514684
114.399347,60,12.541315
69.568751,42,12.559675
126.619021,78,12.594096
148.616978,79,12.629209
91.089011,52,12.651857
154.388788,91,12.691885
139.472336,77,12.725342
93.96436,53,12.74823
97.673065,60,12.7749
66.679554,43,12.793717
122.279095,74,12.825806
153.107526,86,12.863496
8.806286,10,12.868041
118.399716,83,12.902109
52.703371,39,12.91766
73.464715,44,12.935313
90.58883,58,12.95957
102.63407,57,12.984434
39.990183,31,12.998193
218.374225,114,13.044019
41.931184,40,13.061489
84.840723,64,13.090135
208.788733,105,13.134754
118.644963,68,13.16518
210.789038,98,13.207406
89.318018,51,13.228045
74.898385,47,13.248767
89.976416,51,13.270188
79.644263,50,13.290844
88.158163,58,13.31661
148.875065,78,13.351297
79.710878,54,13.375242
70.361594,44,13.394032
84.879695,53,13.416869
56.233164,34,13.431999
69.873599,46,13.452325
15.99613,29,13.465193
159.183358,96,13.506879
65.727763,67,13.536358
71.66203,45,13.556075
6.521021,29,13.568818
73.828872,43,13.587304
69.5701,42,13.605523
62.129634,50,13.627653
29.577644,31,13.641356
85.582077,49,13.663013
164.696634,120,13.715937
9.64757,11,13.720824
47.870648,29,13.733805
70.811328,46,13.753994
56.359977,34,13.769042
161.266596,77,13.803406
97.883421,54,13.827424
58.505086,35,13.842811
83.544233,49,13.864062
75.584065,45,13.884017
111.779523,60,13.910179
206.462048,106,14.423044
100.536379,54,14.446417
60.587305,36,14.461797
64.263531,39,14.478404
80.631538,46,14.497317
151.82588,81,14.531661
182.580458,95,14.571601
161.363321,78,14.604309
258.103907,121,14.654656
166.281457,89,14.692238
112.555408,66,14.719983
80.359763,48,14.739653
249.349512,151,14.803263
212.671126,111,14.849799
68.309344,40,14.866483
199.397639,112,14.913544
193.435339,92,14.953984
126.52221,65,14.982362
92.416035,54,15.006472
194.410838,119,15.058562
80.048889,57,15.084093
91.4602,74,15.116536
46.251443,27,15.128481
181.75237,91,15.168346
130.268008,75,15.200544
18.995001,16,15.207744
55.738619,34,15.22277
149.703303,74,15.254952
151.863562,78,15.288885
185.895055,104,15.334981
229.709051,130,15.391882
161.647085,81,15.428057
65.413009,39,15.445235
138.393692,79,15.479564
211.66198,124,15.533364
77.760304,49,15.55443
123.508422,67,15.583121
234.409943,109,15.630384
128.290232,78,15.663692
84.436872,57,15.688567
113.775897,64,15.716353
87.703167,62,15.743434
237.533869,114,15.792252
81.886693,52,15.815046
60.88,38,15.83163
155.169651,84,15.867503
101.270593,56,15.891796
74.930235,44,15.911183
9.272621,31,15.924802
96.194319,53,15.948219
146.370177,76,15.981447
136.153127,91,16.021339
169.836705,98,16.064127
113.165461,76,16.096853
104.865496,60,16.123196
136.993259,75,16.156614
92.366164,55,16.181058
75.615564,50,16.202908
52.695562,31,16.21653
223.990621,131,16.273871
183.319527,113,16.323252
109.126061,70,16.354249
62.109135,37,16.370518
185.727027,100,16.414138
154.911006,87,16.452724
125.351519,72,16.484107
196.681531,118,16.53568
54.055333,33,16.550275
111.784581,81,16.586363
94.772221,54,17.109823
188.578336,125,17.162533
67.97189,41,17.179976
162.595897,83,17.21493
223.946386,127,17.268121
178.305918,86,17.304341
75.444189,43,17.322407
199.712808,98,17.363689
184.489196,120,17.414461
124.180593,67,17.443826
148.814782,80,17.478868
84.485258,48,17.500085
239.785104,120,17.553068
104.307426,70,17.584087
205.425945,107,17.630635
61.869859,37,17.647069
218.457288,97,17.689576
105.161178,71,17.721041
209.710725,98,17.763988
221.34757,106,17.810328
263.550074,144,17.873256
248.937933,132,17.930685
206.78537,98,17.973588
117.349352,64,18.001481
165.078174,82,18.037574
249.352156,145,18.101062
11.554789,16,18.108034
217.150184,103,18.153389
151.724149,74,18.186
178.781827,98,18.227963
224.409981,106,18.274742
137.001366,71,18.306386
225.839672,108,18.353403
221.561737,108,18.399829
49.548351,30,18.413232
189.402383,87,18.451486
221.425677,98,18.494649
80.51491,47,18.515364
195.992271,106,18.561784
76.358774,47,18.582072
154.436231,81,18.617606
232.418869,108,18.665297
207.369043,103,18.710104
12.942005,14,18.716327
245.532788,107,18.763096
213.651315,107,18.809927
223.791781,107,18.857134
185.874245,86,18.895033
180.222413,99,18.939298
241.662259,118,18.991375
96.526651,53,19.014728
58.772698,36,19.030731
215.477197,106,19.076901
92.610069,54,19.100368
215.829383,109,19.148217
50.791656,31,19.161996
172.715152,92,19.202008
120.884722,77,19.236233
134.677657,72,19.761561
99.75224,63,19.789169
205.938429,96,19.830553
109.494763,69,19.85914
235.398146,113,19.908328
157.772537,81,19.94326
180.277398,91,19.982926
246.379521,126,20.037867
210.822827,101,20.08185
229.299976,119,20.133937
220.128991,96,20.175413
213.251256,103,20.219472
152.533649,75,20.252043
207.4336,102,20.296381
221.677645,105,20.341978
253.727898,140,20.402554
158.10269,81,20.437914
111.474053,62,20.465382
222.599574,109,20.513292
79.82431,52,20.536527
241.68252,114,20.586643
232.664605,118,20.638805
201.37331,108,20.686306
220.765094,107,20.733839
242.13848,145,20.797923
238.724437,152,20.865467
221.954839,105,20.911372
235.128149,127,20.967277
190.857389,102,21.012065
224.626778,97,21.055463
235.855904,106,21.101642
116.035767,65,21.130363
212.437695,101,21.17434
75.982449,50,21.19618
120.080546,65,21.224592
236.970119,115,21.274793
249.254818,149,21.339708
244.454479,124,21.393825
203.583844,116,21.444226
213.282001,112,21.492525
247.086622,136,21.552185
215.98678,107,21.598921
59.339466,38,21.615804
180.945331,101,21.660008
170.707005,96,21.701851
191.708893,104,21.747041
177.600436,87,21.785352
209.688446,104,21.831058
218.520696,115,21.881723
208.281604,105,21.925408
207.651954,112,22.473023
223.287801,111,22.519209
191.293246,86,22.554021
229.084521,113,22.602706
129.780738,68,22.632098
224.617573,113,22.682136
200.686925,105,22.72855
211.18317,99,22.769019
190.854373,120,22.821933
78.631791,54,22.845462
224.512952,111,22.894362
238.242124,136,22.95417
232.78603,113,23.003888
182.400604,104,23.049723
139.608447,69,23.079972
223.283865,102,23.125468
226.012688,114,23.1758
241.308583,117,23.226718
218.817282,110,23.2751
197.803519,96,23.317294
164.197325,88,23.35561
207.656595,91,23.395511
238.126675,116,23.4458
222.316399,120,23.49817
277.017105,157,23.567265
238.549272,115,23.61743
235.493237,104,23.662982
252.330232,120,23.716138
236.935971,118,23.768243
238.551659,117,23.818787
158.837292,74,23.851343
205.768636,102,23.896196
223.120401,120,23.948442
227.087865,108,23.995357
171.289104,95,24.036812
128.05653,67,24.066462
184.861263,90,24.105719
65.176521,38,24.122537
235.278597,103,24.167643
194.90311,109,24.214946
242.104701,113,24.263663
271.216839,165,24.33644
236.798061,125,24.391573
212.323687,103,24.436604
199.014839,96,24.478925
215.993273,112,24.524398
174.608218,86,24.558265
268.330839,126,24.613245
160.604353,91,25.149903
215.924652,95,25.189841
232.374168,104,25.233404
239.252941,112,25.280628
107.747845,59,25.305665
242.38866,110,25.351668
226.196372,118,25.401486
220.005287,100,25.443742
251.819027,125,25.496616
231.412383,110,25.54463
227.722683,103,25.590117
254.407533,120,25.642572
187.016363,95,25.683976
241.552437,115,25.734371
229.338045,109,25.781975
248.216657,123,25.834775
221.46176,103,25.880116
124.995911,67,25.909294
265.20354,119,25.961566
207.422786,108,26.008898
244.243378,117,26.060469
237.799332,120,26.113859
242.037506,117,26.165094
230.385158,111,26.21358
204.050612,106,26.260164
219.819901,110,26.308111
230.049264,101,26.352438
255.862948,120,26.404618
156.759861,86,26.44254
249.429676,125,26.497447
239.154116,119,26.549834
232.352405,113,26.599199
215.877688,109,26.647255
195.108291,100,26.690903
219.816145,108,26.738433
249.132741,113,26.787995
199.669498,108,26.835307
215.383322,103,26.880199
237.788216,124,26.934433
210.962743,104,26.979949
205.572868,94,27.020503
247.245166,121,27.072866
246.378001,126,27.128127
262.871072,132,27.186073
241.007437,121,27.239033
236.939102,108,27.286333
239.237328,115,27.822339
274.175878,120,27.872988
255.297239,128,27.926811
290.535619,129,27.982088
224.086066,106,28.026475
227.197792,111,28.07312
186.955905,92,28.11174
258.000088,119,28.161522
207.862215,94,28.200638
217.520436,113,28.248531
232.904311,117,28.298355
234.706888,114,28.346705
227.096377,111,28.394819
264.611468,129,28.452499
219.212892,100,28.493676
229.901382,109,28.540373
256.214642,135,28.600133
206.370725,98,28.643059
239.59257,112,28.692318
219.388036,104,28.738032
240.566926,106,28.784832
231.524544,112,28.834182
235.423893,105,28.880407
224.697999,104,28.926175
213.484443,107,28.973252
214.846725,101,29.018134
220.730272,98,29.061388
228.626193,118,29.113495
216.334791,99,29.157222
221.320119,103,29.202685
223.30814,110,29.251029
233.175724,108,29.298945
232.700498,108,29.343605
231.609236,129,29.399513
198.919926,101,29.444248
229.375137,115,29.495981
219.347592,107,29.542125
244.385803,119,29.595894
222.693167,113,29.647166
250.418554,115,29.698817
235.227885,111,29.749147
230.053824,114,29.801034
225.657458,108,29.850357
122.364236,66,29.87974
214.170407,102,29.926243
225.443028,102,30.464051
261.184463,131,30.519979
235.091273,116,30.56943
223.849927,110,30.615941
215.632477,102,30.65911
237.529775,107,30.704781
246.313486,122,30.758181
267.361766,123,30.812419
272.573673,120,30.865148
237.15516,108,30.912708
266.94796,120,30.965489
287.869438,127,31.020834
215.45676,107,31.068084
251.140369,106,31.11489
238.519124,107,31.161999
228.325549,110,31.210294
224.717529,105,31.255849
251.993187,115,31.306626
235.647227,110,31.35487
243.434,115,31.405782
199.916558,100,31.449507
229.72501,107,31.496398
247.405606,118,31.548066
267.998987,119,31.599577
233.593354,117,31.650985
259.316263,120,31.703929
270.137433,114,31.753171
225.121178,103,31.798368
283.654846,130,31.85497
239.759653,115,31.906092
237.36786,113,31.955915
241.20278,112,32.005374
267.795037,120,32.058031
249.376524,112,32.107508
221.02637,106,32.154206
273.155101,123,32.20746
240.324893,112,32.256476
266.770594,124,32.310577
239.035498,116,32.36198
259.725628,114,32.412554
228.358028,111,32.461784
235.681292,108,32.508831
260.242172,118,32.559573
250.103539,125,32.614313
227.893751,106,33.163085
287.030295,122,33.214648
243.878644,114,33.262963
308.631234,157,33.329327
275.732999,125,33.38284
264.266059,120,33.435455
285.575078,130,33.492314
242.154446,109,33.540413
272.261962,129,33.596711
210.594246,97,33.638875
252.295261,118,33.690875
232.93846,108,33.737978
249.515175,115,33.788787
245.591798,116,33.840327
237.408196,110,33.889038
249.621531,111,33.937803
260.811238,113,33.987602
238.279961,104,34.033322
278.09324,121,34.086987
236.268008,105,34.132382
238.225952,111,34.180365
288.459931,128,34.236728
225.155388,107,34.283951
316.931984,130,34.340808
262.077623,117,34.392182
254.269863,115,34.443932
287.385223,123,34.497706
252.229286,123,34.551771
247.952337,118,34.603467
257.924638,130,34.659957
328.597525,159,34.73045
232.569205,103,34.776029
231.025372,104,34.821269
235.74195,112,34.87003
251.369929,116,34.921322
283.340179,131,34.97987
263.361767,119,35.032902
240.612722,108,35.080838
226.508275,107,35.127563
289.12219,129,35.184246
242.643813,117,35.23636
223.222903,104,35.281973
226.199508,105,35.328587
265.619021,133,35.885707
301.68729,135,35.942014
277.815384,123,35.993862
356.495382,143,36.054058
275.403739,122,36.105147
196.508414,93,36.144594
228.690796,112,36.19161
253.903731,114,36.239316
221.615185,102,36.282061
277.855244,121,36.33297
251.34053,113,36.380661
254.381493,120,36.433309
268.010316,117,36.484961
265.58672,124,36.53909
299.435564,131,36.595254
330.42397,138,36.655709
240.106921,106,36.702637
319.118474,135,36.761929
296.929465,131,36.819272
290.349797,128,36.875063
244.821355,118,36.926366
254.107437,114,36.976519
329.218747,142,37.038629
302.433286,124,37.092489
224.920847,107,37.139628
266.584349,115,37.189797
280.069899,124,37.24306
301.740922,135,37.302353
318.946618,156,37.370254
244.018239,109,37.419604
241.5994,123,37.473505
269.373804,137,37.533649
312.895533,141,37.595232
261.191495,122,37.648585
341.379883,146,37.711232
288.517156,124,37.765451
285.939297,127,37.821141
321.128648,130,37.878042
240.424177,106,37.924643
249.288663,129,37.981142
256.1818,114,38.488163
254.435782,115,38.537701
288.966206,126,38.592343
259.310061,112,38.641602
338.189019,135,38.701181
359.939193,146,38.765156
309.150606,128,38.821314
338.432871,136,38.880526
316.270187,129,38.937417
242.117554,107,38.984519
281.118186,143,39.046818
274.390111,115,39.097547
368.466636,144,39.160572
303.195103,122,39.214339
285.020563,116,39.264247
257.019911,112,39.313302
268.496216,115,39.363921
331.358501,146,39.427776
323.896109,129,39.484518
230.64817,108,39.532156
318.147555,128,39.58832
297.726574,126,39.644135
304.571854,125,39.699162
335.359715,148,39.761297
240.111426,108,39.80846
333.757193,130,39.865225
245.18673,110,39.913836
259.268699,112,39.962997
300.674117,130,40.020199
302.090388,127,40.075571
246.835373,109,40.123385
308.663282,133,40.18209
293.272496,129,40.238987
356.601132,140,40.300414
304.328829,126,40.350892
276.676958,114,40.398106
335.702357,146,40.461743
283.77838,126,40.517619
338.116058,147,40.581808
263.151674,114,40.630809
330.99628,136,41.15292
360.720433,139,41.210284
251.232367,123,41.259157
334.867265,138,41.315268
313.551802,125,41.364718
316.541299,140,41.426507
240.084892,120,41.483517
324.618824,133,41.546065
311.158472,135,41.60611
346.211689,165,41.672048
315.930951,138,41.727166
314.675875,152,41.794343
264.319922,118,41.845908
243.993552,111,41.897302
296.841651,120,41.951853
329.047859,140,42.01361
322.028582,145,42.077732
316.013101,127,42.132336
303.266699,125,42.184186
296.485992,120,42.234703
223.449452,100,42.279034
320.545012,132,42.338814
352.899226,136,42.400055
304.281213,130,42.459499
329.771663,133,42.519916
334.510257,138,42.581589
322.404461,138,42.642144
300.087625,126,42.697678
344.426673,136,42.759257
310.46368,128,42.817483
253.405298,114,42.868961
306.542381,127,42.925631
294.283858,123,42.980918
313.10743,131,43.038224
385.019611,151,43.101961
318.803861,158,43.171374
327.719985,148,43.240994
315.068707,142,43.776308
333.355134,141,43.83329
347.235894,145,43.894112
327.218444,140,43.953993
340.577239,134,44.012322
319.718826,124,44.068482
299.723687,125,44.122329
337.539015,139,44.179598
337.568578,143,44.239024
328.496218,134,44.291931
260.949048,114,44.340239
379.235359,148,44.403758
317.6416,135,44.46115
299.34965,123,44.51589
349.372379,139,44.576007
356.691164,135,44.63546
330.341465,134,44.69436
276.369578,123,44.745997
321.509628,129,44.801945
339.817765,139,44.858394
318.213084,135,44.916824
306.821456,129,44.972825
287.237994,124,45.028073
404.011944,157,45.096431
335.93704,137,45.155126
216.576122,98,45.196495
303.639018,123,45.249166
308.040741,129,45.306754
317.105323,126,45.363906
322.333117,139,45.425116
350.974378,139,45.48609
329.260499,131,45.543907
366.820466,146,45.607965
277.876051,117,45.659481
346.810177,145,45.723682
310.04651,130,45.778822
328.467656,131,45.834612
334.347444,139,45.897871
315.160258,125,46.461855
336.151103,136,46.520447
340.774829,139,46.579889
334.662523,140,46.642455
333.337685,132,46.701394
365.688893,150,46.772833
357.0904,142,46.840033
353.341142,136,46.907182
373.312886,142,46.97453
315.846339,128,47.040351
295.301848,128,47.102292
341.000869,140,47.165327
273.646903,118,47.217538
331.10166,143,47.280941
317.120401,128,47.338099
341.082685,138,47.399246
322.952192,128,47.455975
379.786547,146,47.51925
367.656619,151,47.585799
354.878387,140,47.646812
376.512979,149,47.712603
293.753776,130,47.769074
401.504982,149,47.835903
354.67877,144,47.902305
340.394113,134,47.95768
322.553847,132,48.011561
337.407491,139,48.070729
391.620555,164,48.142331
344.467456,138,48.204579
331.275605,137,48.265622
338.013034,133,48.331944
354.307216,169,48.407274
297.94549,127,48.462739
359.048548,140,48.523422
301.341719,126,48.577968
382.756224,151,48.643761
362.937705,146,49.231411
371.461975,141,49.295709
325.242061,131,49.351537
330.437709,143,49.41688
337.737752,132,49.480503
359.324706,139,49.546888
309.377486,141,49.613365
367.888054,141,49.676625
341.149422,142,49.741153
379.174921,142,49.799241
330.076183,135,49.853801
306.410073,124,49.907383
314.5285,122,49.959395
364.527514,137,50.019629
326.526982,132,50.074949
348.828743,144,50.135764
322.710695,126,50.187021
366.765622,143,50.249492
319.27141,133,50.307252
327.476222,134,50.36586
370.290016,142,50.423929
340.764303,135,50.482859
388.409834,144,50.546221
356.501821,146,50.610196
257.63475,109,50.658269
339.210422,134,50.716996
382.373433,152,50.783503
350.309564,144,50.84689
370.939952,149,50.913264
366.60253,142,50.9783
330.121127,139,51.041294
300.259497,122,51.094221
347.964494,141,51.155835
360.745506,140,51.21703
387.400389,142,51.278631
371.634043,153,51.349919
366.808419,139,51.919649
392.981227,151,51.991344
405.563747,145,52.059123
372.819445,143,52.127083
352.736632,132,52.189276
335.69175,129,52.250548
388.06238,145,52.317314
414.016957,152,52.385532
391.046938,153,52.454326
326.421071,126,52.510311
390.264416,145,52.575187
369.784615,145,52.640761
402.912608,158,52.710627
352.662929,138,52.770486
331.019927,133,52.829367
337.502422,136,52.889584
416.983391,154,52.956442
363.123352,144,53.019773
392.394371,155,53.087858
362.216749,132,53.142188
364.577424,150,53.207796
343.239964,135,53.267169
376.334556,145,53.330498
375.462302,144,53.393513
364.765255,147,53.458567
342.75313,128,53.52029
411.234224,151,53.589601
369.267156,138,53.650884
352.967471,135,53.712175
332.30747,129,53.767352
360.330158,144,53.828881
394.314502,142,53.892609
390.342556,154,53.962881
357.980763,136,54.022048
363.409638,151,54.087149
381.799347,144,54.622278
389.777992,144,54.682744
355.19154,137,54.741741
400.356838,150,54.806387
376.670543,148,54.866422
425.333795,152,54.927736
410.538923,147,54.991039
393.234664,152,55.057258
401.264428,156,55.125381
385.467641,150,55.19123
378.478617,146,55.257339
396.29559,149,55.320518
383.920097,151,55.388161
144.304393,74,55.42151
346.859237,145,55.485066
372.276089,145,55.547599
308.809645,133,55.606408
370.5571,147,55.670095
339.148719,138,55.738959
319.500747,147,55.804848
401.24186,154,55.872005
339.6785,141,55.93202
395.514192,146,55.99804
414.856753,156,56.069624
349.820791,141,56.131178
371.816174,144,56.193698
421.033279,155,56.261142
356.830598,135,56.321691
334.749076,140,56.383175
399.688177,144,56.445845
361.939853,146,56.510896
590.730159,203,56.600837
435.518811,163,56.669981
376.73032,140,56.729887
383.060522,142,56.791841
