#{"env_id": "Hopper-v2", "t_start": 1533045696.2523017}
r,l,t
9.301124,19,0.859175
17.517131,19,0.867825
20.997171,21,0.877147
29.208975,35,0.89236
8.438938,19,0.900747
11.396239,30,0.913868
11.877599,16,0.920952
17.810637,21,0.93008
6.415017,12,0.935313
10.466147,12,0.940472
19.21272,21,0.94982
15.457856,22,0.959658
6.098616,9,0.963502
19.14914,19,0.971811
20.570892,20,0.980587
7.257522,12,0.985808
19.386464,31,0.999373
8.347419,27,1.01102
7.14048,9,1.014829
8.831078,11,1.019592
8.752426,16,1.026617
14.785958,33,1.040874
60.953567,59,1.066979
10.295508,23,1.077136
19.111738,32,1.091134
13.016221,16,1.097732
23.385121,22,1.107301
7.006176,11,1.112169
11.312893,26,1.12351
9.833527,16,1.130617
8.915634,12,1.135883
20.746088,24,1.146532
9.415291,14,1.152557
7.516905,14,1.158653
7.643605,15,1.165203
5.075502,8,1.168677
16.067461,19,1.176938
129.094419,86,1.214031
18.082587,19,1.222338
4.980811,8,1.225732
12.109788,15,1.232272
7.825634,11,1.237055
7.083946,11,1.241882
45.612745,36,1.25772
10.245881,13,1.263315
6.719474,9,1.267329
7.005566,11,1.271957
10.891573,15,1.278397
50.866236,36,1.294071
22.805572,23,1.304001
15.778022,18,1.311773
18.750862,18,1.319566
13.678894,20,1.32829
8.68502,13,1.333822
7.057599,14,1.339923
22.878022,29,1.352497
12.341899,14,1.358579
20.276058,20,1.367276
4.109868,9,1.371258
19.171078,26,1.382764
8.460306,15,1.389365
20.605283,19,1.397642
5.642351,14,1.4038
31.350101,26,1.415238
4.753388,14,1.421467
8.358859,14,1.427488
7.243111,13,1.433229
11.514778,18,1.441134
8.095489,10,1.445508
11.618991,17,1.45288
6.593227,22,1.462521
5.5703,8,1.466036
16.192662,16,1.472919
11.719935,14,1.479003
10.808395,20,1.487743
6.167684,14,1.493903
29.020808,28,1.506217
5.175909,15,1.512872
21.116553,42,1.531087
5.30323,10,1.535475
19.447885,20,1.544162
25.881878,25,1.555128
112.580249,71,1.586037
11.402611,16,1.593033
8.898833,25,1.603972
6.07924,9,1.607918
7.176135,13,1.613678
5.62564,16,1.620768
9.23436,11,1.62549
14.075124,18,1.633333
13.575878,28,1.645811
15.775037,15,1.652368
9.394419,23,1.662624
10.602964,14,1.668865
8.865139,17,1.676357
6.367935,11,1.681175
8.354964,14,1.687284
4.565361,10,1.691754
28.302697,29,1.704566
11.11322,15,1.711376
7.063629,26,1.722896
13.283587,15,1.729447
4.543313,11,1.734272
9.564266,22,1.743865
6.840384,11,1.74866
13.344822,18,1.756617
8.759994,11,1.761372
6.662491,9,1.76524
54.991861,63,1.792699
9.576607,30,1.805722
8.981268,11,1.81048
5.000581,8,1.81396
17.329577,31,1.827743
42.1035,38,1.844155
8.9426,20,1.852812
7.665856,13,1.858412
14.899123,15,1.864524
33.907552,29,1.87668
35.374439,46,1.896628
9.668211,13,1.902115
8.932474,14,1.908166
12.651484,21,1.917384
9.428346,12,1.922513
16.350066,21,1.931608
16.256359,28,1.943825
21.271754,22,1.953502
8.716103,21,1.962795
12.233846,14,1.968819
32.463864,28,1.98082
22.846562,39,1.997685
13.240695,17,2.005187
9.279161,13,2.010795
15.575654,26,2.022323
8.077197,17,2.029742
6.47909,21,2.038488
12.09655,13,2.043661
29.868149,35,2.058954
7.52292,10,2.06315
50.720133,41,2.080607
6.740976,9,2.08441
10.180053,14,2.090387
11.039786,23,2.100306
7.093343,11,2.105075
23.980634,22,2.114481
15.282988,17,2.121743
8.928348,12,2.12671
29.065557,26,2.137866
9.519402,13,2.143473
9.207472,15,2.149758
34.612935,33,2.163793
20.124176,20,2.172376
19.336081,21,2.181524
10.777517,14,2.187613
32.223013,28,2.19961
7.225003,10,2.203902
10.119757,15,2.21044
10.690945,24,2.220405
16.484215,24,2.230366
48.375414,30,2.243216
14.404963,16,2.249966
23.424062,23,2.260087
9.708563,26,2.271453
15.510112,21,2.28046
6.404517,8,2.283968
11.751983,13,2.28957
21.549796,21,2.298247
56.735336,45,2.317331
37.343658,31,2.330592
8.043099,10,2.334963
16.715596,17,2.342044
9.374279,18,2.349233
20.421965,17,2.356606
20.364975,24,2.366975
10.445405,12,2.372137
10.3467,15,2.378675
22.411219,21,2.387683
10.762152,14,2.393702
17.101836,21,2.402741
23.042265,22,2.412327
7.054484,11,2.416894
25.816194,33,2.432161
94.448818,52,2.454443
6.296007,10,2.458665
6.151773,12,2.4639
36.825864,48,2.484661
9.94218,28,2.496708
12.453544,19,2.50497
21.740561,22,2.514414
8.853831,27,2.526109
14.081824,25,2.536905
7.41269,32,2.550718
16.732587,23,2.560714
13.960746,19,2.569159
27.245721,23,2.579136
12.812553,21,2.588475
16.612842,17,2.595487
5.248969,12,2.600326
9.2214,12,2.605592
6.245306,9,2.609488
9.617232,12,2.614799
10.779761,13,2.620452
10.248563,12,2.625913
9.39766,13,2.631429
8.869616,13,2.637026
7.018571,10,2.641469
7.182755,15,2.648096
8.7586,21,2.657281
11.840465,14,2.663292
8.176418,11,2.667887
33.063199,46,2.688297
56.978794,48,2.709262
6.539517,10,2.713751
7.128674,28,2.725913
9.216664,12,2.731095
12.137592,14,2.73711
4.913702,7,2.740138
14.210367,19,2.748414
10.07886,17,2.755859
12.309826,20,2.764585
6.611823,24,2.775247
8.8532,13,2.780767
8.505377,16,2.787783
20.928231,20,2.796436
5.635542,9,2.800332
5.938126,16,2.807369
10.031867,14,2.813434
20.142465,24,2.823958
5.000762,9,2.827829
10.865188,13,2.833533
4.734733,10,2.837891
14.247158,16,2.844899
7.433801,10,2.849141
123.532599,67,2.878025
9.006228,11,2.88269
19.676242,24,2.893037
10.012097,16,2.900019
16.287027,20,2.908808
8.378572,15,2.915489
22.932325,29,2.928312
7.158159,12,2.933374
14.001903,14,2.939513
16.47692,21,2.948512
12.260754,23,2.95866
12.145635,13,2.964309
12.147017,16,2.9713
9.934992,18,2.979146
14.973738,17,2.986592
9.103696,27,2.998355
22.057503,25,3.009362
10.94813,16,3.016371
9.075779,11,3.02109
18.18666,23,3.757705
10.239334,12,3.762869
12.067247,31,3.775793
17.994917,24,3.786111
10.74634,18,3.793743
26.722746,32,3.807173
26.136559,26,3.818149
118.220067,68,3.846003
10.07783,13,3.851324
7.854472,12,3.856273
33.787417,38,3.872229
13.170444,17,3.879319
12.050639,12,3.884435
8.795162,12,3.889414
9.516093,13,3.894907
7.792424,10,3.898991
36.834888,30,3.911355
11.271106,22,3.920592
28.061516,24,3.930474
9.758199,12,3.9355
13.96625,18,3.943038
20.336062,21,3.951738
22.580854,22,3.961009
65.578208,44,3.97934
21.491204,25,3.989811
6.385526,9,3.993608
17.44481,23,4.003268
63.541972,40,4.019971
28.515336,23,4.029487
10.897599,24,4.039473
14.305305,17,4.046488
16.161481,17,4.053568
7.508702,15,4.060049
69.909932,65,4.08723
12.15275,17,4.09426
28.894801,33,4.108355
17.169604,17,4.115476
54.980945,47,4.135219
6.11169,10,4.139411
18.272755,23,4.149128
10.31659,12,4.154043
12.531689,34,4.168382
9.479831,14,4.17422
13.293684,16,4.180892
53.45044,57,4.204347
9.557002,21,4.213196
7.15855,11,4.21788
34.109499,27,4.22908
6.923694,10,4.233212
7.790939,15,4.239499
10.158983,19,4.24746
5.732584,8,4.250741
25.281947,25,4.261223
37.0041,36,4.276418
6.169641,9,4.280083
32.611884,37,4.295551
100.91138,66,4.322795
6.90245,9,4.326612
5.53841,10,4.330808
27.981277,27,4.34216
45.882564,34,4.356072
10.957395,15,4.362525
15.785279,19,4.370717
6.54344,8,4.374219
8.490932,11,4.378943
13.276479,15,4.384941
10.473678,16,4.391881
6.801321,9,4.395866
9.747343,12,4.400972
10.627698,13,4.406609
14.444892,15,4.413001
41.439795,46,4.433191
35.610504,44,4.452582
16.165978,15,4.459146
7.400675,10,4.463467
90.478751,51,4.485489
63.75762,40,4.502416
16.518979,16,4.509444
8.212306,13,4.515113
61.3689,48,4.535438
11.636727,14,4.541487
11.042639,16,4.548533
36.681806,30,4.561686
4.891415,8,4.565224
11.855868,23,4.575347
13.090984,17,4.582907
28.37215,34,4.597833
8.846204,11,4.602588
9.769837,12,4.607756
7.3133,10,4.612238
89.569902,52,4.634876
7.433598,17,4.642415
63.331536,41,4.660394
7.874419,15,4.667252
9.691765,15,4.673865
11.163695,12,4.679083
31.110108,46,4.699366
36.066891,31,4.713369
8.887256,12,4.718626
21.1754,34,4.733883
19.971382,20,4.742731
6.607553,10,4.74711
9.158631,13,4.752886
10.972862,13,4.758597
26.620291,24,4.769135
10.223797,12,4.774354
31.711999,32,4.788055
10.279759,13,4.793677
7.558427,11,4.798532
10.521733,12,4.80381
20.83772,21,4.81311
6.544511,10,4.817415
19.150622,17,4.824989
25.037122,22,4.834688
9.701013,10,4.839187
23.43295,25,4.850164
31.088781,40,4.867856
67.910071,44,4.887227
8.422319,12,4.892528
12.133386,16,4.899596
21.126935,20,4.908429
7.598917,11,4.913301
10.732921,19,4.921706
6.221052,9,4.925611
40.11458,33,4.940089
13.693641,16,4.94718
17.050539,24,4.957789
8.943393,14,4.964052
17.428987,17,4.971543
17.899519,16,4.978584
26.169546,25,4.989659
12.537313,14,4.995754
6.64121,25,5.006738
11.157262,12,5.012074
13.290287,16,5.01919
7.794678,15,5.025732
95.471629,64,5.054324
9.711122,14,5.060351
12.862837,14,5.066581
58.96375,39,5.083557
42.136641,55,5.107625
19.854276,21,5.116983
6.454125,11,5.121907
7.991692,13,5.127682
7.1086,10,5.13201
12.078375,14,5.138049
9.204411,27,5.14997
7.752909,13,5.155596
14.946153,17,5.162984
6.62991,9,5.166853
12.450195,14,5.172879
7.24627,11,5.177754
10.689293,20,5.186545
35.550724,28,5.198695
8.654672,11,5.203434
25.157247,23,5.213614
17.583906,16,5.220622
11.206342,12,5.225882
10.356414,17,5.233247
10.901993,13,5.238926
10.735339,14,5.245114
16.618856,20,5.253831
27.926919,25,5.264796
11.120585,22,5.274543
7.561691,10,5.27884
19.302059,22,5.288619
13.975445,20,5.297461
18.261413,23,5.307695
11.092669,14,5.313794
5.167539,18,5.321756
9.131927,19,5.330169
12.670641,15,5.336744
12.391124,20,5.34562
9.987645,13,5.351199
6.870313,16,5.358359
8.813461,19,5.366818
22.156571,42,5.385266
29.143308,33,5.399792
8.528655,14,5.40596
7.892347,10,5.410216
7.057621,12,5.41557
8.868002,27,5.427507
11.286587,16,5.43457
33.37975,30,5.447693
134.957785,83,5.483795
14.153264,32,5.497827
6.436441,13,5.503557
5.945907,10,5.507983
164.580683,99,5.550733
14.755966,15,5.55723
12.245723,13,5.562974
6.339875,9,5.566988
12.451727,13,5.572714
23.53627,27,5.584657
18.856286,25,5.595701
6.795105,14,5.601932
7.987629,28,5.614282
65.402258,40,5.631855
11.271883,14,5.637961
18.023409,26,5.649523
8.504048,13,5.65514
8.760823,21,5.664336
5.847734,9,5.668388
40.22774,33,5.682925
10.807749,19,5.691313
10.792032,12,5.696639
7.624822,21,5.705969
30.53673,24,5.716703
43.289427,32,5.730578
14.601595,15,5.737235
14.178633,22,5.746989
7.50202,17,5.75449
6.232701,10,5.758938
37.714589,30,5.772115
20.789361,20,5.781087
68.356949,41,5.799175
12.141253,14,5.805285
93.933886,51,5.827688
7.833474,11,5.832371
37.01426,45,5.852306
19.3818,18,5.860311
45.110949,35,5.876542
29.523294,33,5.891478
12.054067,22,5.901088
41.521804,45,6.381295
11.313797,13,6.387071
5.536581,14,6.393454
52.651585,41,6.411081
11.550783,17,6.418263
26.297974,32,6.431875
23.660651,26,6.442897
89.709651,50,6.464259
122.167235,65,6.491359
139.320675,79,6.524553
11.212963,13,6.529986
11.832534,23,6.539781
81.970682,49,6.560374
149.089814,87,6.597012
24.425781,30,6.609987
41.348145,33,6.623918
57.980235,40,6.640937
7.057613,30,6.653543
191.745729,100,6.695264
76.217745,47,6.714671
55.206353,40,6.731717
64.484444,46,6.750848
86.471288,49,6.771328
18.250854,18,6.778812
92.017415,64,6.805813
16.842779,27,6.817386
18.105356,23,6.827176
13.05651,17,6.834437
82.888536,51,6.855244
91.564557,52,6.877
53.113657,40,6.89399
20.097898,21,6.902894
6.434717,9,6.906623
77.761016,45,6.925296
7.15146,15,6.931724
71.082721,42,6.949483
9.179747,12,6.954374
20.366328,20,6.962845
19.424253,24,6.97311
6.197942,13,6.978661
15.015138,21,6.987391
10.797436,17,6.994556
4.644529,10,6.9988
13.647313,22,7.00815
7.753231,17,7.015391
21.20994,34,7.029806
14.138869,23,7.039559
10.577424,16,7.046224
108.585385,61,7.072038
155.089022,94,7.111444
58.054475,37,7.126995
36.295882,30,7.139711
32.706449,33,7.153866
71.858656,49,7.174154
29.958865,27,7.185461
51.774527,31,7.198689
53.29386,33,7.212622
6.877304,10,7.216752
158.686913,82,7.251088
17.720312,18,7.25859
14.158924,16,7.265243
68.203359,57,7.289287
19.001963,22,7.298598
10.77383,17,7.305673
45.989214,66,7.333338
99.134424,70,7.362981
93.75674,60,7.388357
21.249368,31,7.401559
31.213051,35,7.417048
99.75476,56,7.441036
11.679447,30,7.452953
13.400691,15,7.458771
9.648478,12,7.463468
18.82592,16,7.469726
38.497057,28,7.480761
147.926925,81,7.515047
60.217336,36,7.531011
17.487063,17,7.538581
114.583701,61,7.565409
15.379854,18,7.573377
40.953844,33,7.587938
8.749414,11,7.592855
91.641427,55,7.61673
50.780024,30,7.630024
5.546738,8,7.633601
125.265788,97,7.677749
22.815008,29,7.691027
13.872313,17,7.69857
14.197003,20,7.707668
58.834783,37,7.724043
78.640944,44,7.743302
58.400318,45,7.762992
10.382394,13,7.768689
21.625231,22,7.778329
74.087396,52,7.800992
37.561644,27,7.812844
98.210792,61,7.839873
18.645571,27,7.851999
8.231952,11,7.856855
58.709706,41,7.874854
82.31944,51,7.89737
79.929537,47,7.917836
78.446241,51,7.940364
10.627283,17,7.947894
18.696632,17,7.955357
6.917438,9,7.959295
41.148754,28,7.971679
20.959047,20,7.980484
76.106047,57,8.005429
12.239954,14,8.011589
67.218264,44,8.031014
49.888078,49,8.052452
43.910373,34,8.067414
12.223644,16,8.07449
72.451426,51,8.096711
7.166317,11,8.101496
8.997294,20,8.110283
24.574296,21,8.119613
107.612306,84,8.156632
14.898236,30,8.169797
75.449973,58,8.195113
7.052997,9,8.199098
75.352062,44,8.218439
69.721386,44,8.237766
54.317404,32,8.251827
8.400572,14,8.258068
39.937221,45,8.278973
107.433037,71,8.310069
6.813146,9,8.313994
41.883794,39,8.331224
19.689188,20,8.340082
6.665599,12,8.345442
128.289897,69,8.375449
9.965113,11,8.380345
76.014804,44,8.39972
12.413603,13,8.405519
89.950817,51,8.427709
101.225171,55,8.451902
17.13267,22,8.461624
38.421176,29,8.474471
25.948093,29,8.487263
28.781008,25,8.498214
53.394615,45,8.517972
117.928382,71,9.061174
103.950207,56,9.084823
12.872557,14,9.090749
67.814087,43,9.108714
71.153924,43,9.126742
110.616895,74,9.157775
14.08734,14,9.163668
70.683681,42,9.181371
94.569508,53,9.203592
75.658682,46,9.222867
24.995997,24,9.232923
175.408317,114,9.279979
6.363262,9,9.28369
22.626005,40,9.300567
83.02721,51,9.322364
10.251119,16,9.329176
158.422131,87,9.365322
50.195544,30,9.377914
21.331591,25,9.388549
80.580702,64,9.415434
65.273582,39,9.431541
12.197474,20,9.4402
14.948076,32,9.454501
114.202021,80,9.489256
151.250958,102,9.535155
77.592611,47,9.555711
100.621968,60,9.581827
7.08942,10,9.586187
102.423113,58,9.611501
15.291736,18,9.61943
70.846833,51,9.641629
71.271196,44,9.661034
72.711509,45,9.680798
93.423891,53,9.70387
43.613095,31,9.717203
19.153349,24,9.727839
7.260044,13,9.733659
85.143793,55,9.757646
13.298302,20,9.766398
94.926237,73,9.797753
21.715657,22,9.80754
85.357862,55,9.831766
8.506844,13,9.837425
15.749492,20,9.846282
31.086324,38,9.862827
16.436417,18,9.870698
83.288138,48,9.891394
91.760313,52,9.913884
11.53881,12,9.919086
151.60396,76,9.952414
71.736056,42,9.970784
21.384462,27,9.982602
92.731058,58,10.007738
68.801625,58,10.033441
74.668029,44,10.052839
18.225129,18,10.060773
10.651717,35,10.075967
36.644577,59,10.1021
47.305154,40,10.119473
95.063182,54,10.143162
156.62927,100,10.186173
73.895131,43,10.204942
126.507278,69,10.234869
11.67167,17,10.242424
141.715043,73,10.2743
7.625907,12,10.279661
4.374061,15,10.286406
17.217976,28,10.298896
63.979289,44,10.317883
30.871442,26,10.329381
97.864892,55,10.353628
13.24948,22,10.36327
91.722803,68,10.39323
23.82476,44,10.412791
146.153433,87,10.450796
136.508934,74,10.483145
10.924685,21,10.492378
46.241316,38,10.508849
64.796173,38,10.525442
70.126282,44,10.544876
229.64911,111,10.593254
9.643807,12,10.598493
14.839531,23,10.608705
88.481108,50,10.630589
106.768676,67,10.659704
17.300145,19,10.668142
60.272658,36,10.68395
28.309326,24,10.694422
74.742056,46,10.714893
43.979168,35,10.730012
78.848991,46,10.750069
75.351706,45,10.769797
49.276366,29,10.78259
25.838059,33,10.797371
10.51555,18,10.805277
23.976569,23,10.815314
11.452193,22,10.825115
27.920664,52,10.84795
80.797138,51,10.870189
34.614203,36,10.886108
99.069712,57,10.910349
30.199453,29,10.923287
36.82128,32,10.93744
9.114534,13,10.943229
25.3972,31,10.957081
51.170121,51,10.979291
72.940337,43,10.997947
69.7276,42,11.016605
86.954757,48,11.037576
36.28007,50,11.05956
23.768895,35,11.075161
108.976536,66,11.103978
70.370327,42,11.122166
28.029702,29,11.134889
76.02664,45,11.154554
85.222075,55,11.178769
122.320858,76,11.684616
235.670219,112,11.732098
26.089453,22,11.741489
58.274387,35,11.75627
61.08747,44,11.774726
73.99875,44,11.793141
114.892886,63,11.818969
92.340122,54,11.842119
101.91595,58,11.86644
11.275934,16,11.873218
149.668675,115,11.92083
73.36991,50,11.941491
15.125218,16,11.948229
60.888004,35,11.962836
118.924752,85,11.998555
60.137169,37,12.013998
136.657386,80,12.046408
40.908442,44,12.064933
95.370579,55,12.087714
79.110857,46,12.106337
13.600367,20,12.114793
15.492668,28,12.126719
69.194901,42,12.144086
58.79013,35,12.158834
121.509068,70,12.188202
86.625002,57,12.211793
93.328861,56,12.235467
121.132874,63,12.261467
117.493007,64,12.287914
10.995993,15,12.294191
70.259137,42,12.311975
32.718695,36,12.327156
18.809695,18,12.33473
75.762664,53,12.357025
127.910075,76,12.38887
114.399347,60,12.414016
69.568751,42,12.431636
126.619021,78,12.465351
148.616978,79,12.500029
91.089011,52,12.522328
154.388788,91,12.561888
139.472336,77,12.595186
93.96436,53,12.617922
97.673065,60,12.644414
66.679554,43,12.66289
122.279095,74,12.694679
153.107526,86,12.732158
8.806286,10,12.736683
118.399716,83,12.774153
52.703371,39,12.791371
73.464715,44,12.810909
90.58883,58,12.836705
102.63407,57,12.861541
39.990183,31,12.8752
218.374225,114,12.925426
41.931184,40,12.943283
84.840723,64,12.971714
208.788733,105,13.017828
118.644963,68,13.048177
210.789038,98,13.090755
89.318018,51,13.11319
74.898385,47,13.133855
89.976416,51,13.156482
79.644263,50,13.177779
88.158163,58,13.203348
148.875065,78,13.237811
79.710878,54,13.261652
70.361594,44,13.28045
84.879695,53,13.303434
56.233164,34,13.318447
69.873599,46,13.338783
15.99613,29,13.351718
159.183358,96,13.393531
65.727763,67,13.423196
71.66203,45,13.443043
6.521021,29,13.455833
73.828872,43,13.474332
69.5701,42,13.492514
62.129634,50,13.514749
29.577644,31,13.528521
85.582077,49,13.550215
164.696634,120,13.602937
9.64757,11,13.607814
47.870648,29,13.620801
70.811328,46,13.640962
56.359977,34,13.655899
161.266596,77,13.689471
97.883421,54,13.713276
58.505086,35,13.728705
83.544233,49,13.75002
75.584065,45,13.769922
111.779523,60,13.795714
206.462048,106,14.332758
100.536379,54,14.356019
60.587305,36,14.371827
64.263531,39,14.388624
80.631538,46,14.407977
151.82588,81,14.443061
182.580458,95,14.483693
161.363321,78,14.516929
258.103907,121,14.568313
166.281457,89,14.606437
112.555408,66,14.634931
80.359763,48,14.655204
249.349512,151,14.721038
212.671126,111,14.769125
68.309344,40,14.786337
199.397639,112,14.835042
193.435339,92,14.874918
126.52221,65,14.902997
92.416035,54,14.92671
194.410838,119,14.977945
80.048889,57,15.003131
91.4602,74,15.035023
46.251443,27,15.046561
181.75237,91,15.08592
130.268008,75,15.117674
18.995001,16,15.12477
55.738619,34,15.139635
149.703303,74,15.171379
151.863562,78,15.204955
185.895055,104,15.250433
229.709051,130,15.304986
161.647085,81,15.338525
65.413009,39,15.354995
138.393692,79,15.388829
211.66198,124,15.44172
77.760304,49,15.462924
123.508422,67,15.491273
234.409943,109,15.53719
128.290232,78,15.569937
84.436872,57,15.594949
113.775897,64,15.622817
87.703167,62,15.649856
237.533869,114,15.698846
81.886693,52,15.721973
60.88,38,15.738714
155.169651,84,15.77471
101.270593,56,15.799181
74.930235,44,15.818576
9.272621,31,15.832079
96.194319,53,15.855266
146.370177,76,15.888134
136.153127,91,15.927429
169.836705,98,15.9698
113.165461,76,16.002285
104.865496,60,16.028376
136.993259,75,16.06099
92.366164,55,16.085254
75.615564,50,16.106815
52.695562,31,16.120265
223.990621,131,16.177018
183.319527,113,16.22583
109.126061,70,16.255544
62.109135,37,16.271666
185.727027,100,16.314841
154.911006,87,16.352546
125.351519,72,16.38355
196.681531,118,16.434321
54.055333,33,16.448534
111.784581,81,16.484038
94.772221,54,16.997542
188.578336,125,17.052179
67.97189,41,17.0701
162.595897,83,17.106095
223.946386,127,17.160801
178.305918,86,17.19855
75.444189,43,17.217431
199.712808,98,17.260578
184.489196,120,17.312766
124.180593,67,17.34224
148.814782,80,17.377192
84.485258,48,17.398303
239.785104,120,17.451193
104.307426,70,17.48207
205.425945,107,17.528439
61.869859,37,17.544837
218.457288,97,17.587071
105.161178,71,17.617733
209.710725,98,17.660491
221.34757,106,17.706747
263.550074,144,17.769579
248.937933,132,17.822643
206.78537,98,17.864658
117.349352,64,17.892625
165.078174,82,17.928552
249.352156,145,17.989929
11.554789,16,17.996863
217.150184,103,18.042012
151.724149,74,18.074745
178.781827,98,18.117666
224.409981,106,18.16346
137.001366,71,18.194349
225.839672,108,18.241113
221.561737,108,18.287702
49.548351,30,18.301081
189.402383,87,18.338825
221.425677,98,18.381925
80.51491,47,18.4026
195.992271,106,18.448844
76.358774,47,18.469043
154.436231,81,18.50456
232.418869,108,18.552005
207.369043,103,18.59684
12.942005,14,18.603081
245.532788,107,18.649465
213.651315,107,18.696319
223.791781,107,18.74351
185.874245,86,18.781351
180.222413,99,18.824329
241.662259,118,18.87618
96.526651,53,18.899476
58.772698,36,18.914832
215.477197,106,18.957914
92.610069,54,18.981357
215.829383,109,19.028972
50.791656,31,19.042783
172.715152,92,19.082742
120.884722,77,19.116868
134.677657,72,19.597374
99.75224,63,19.624501
205.938429,96,19.664957
109.494763,69,19.693098
235.398146,113,19.741823
157.772537,81,19.777047
180.277398,91,19.815056
246.379521,126,19.86745
210.822827,101,19.911619
229.299976,119,19.963342
220.128991,96,20.004911
213.251256,103,20.04874
152.533649,75,20.08124
207.4336,102,20.125813
221.677645,105,20.17155
253.727898,140,20.232422
158.10269,81,20.267712
111.474053,62,20.294949
222.599574,109,20.342372
79.82431,52,20.365453
241.68252,114,20.415061
232.664605,118,20.466672
201.37331,108,20.51366
220.765094,107,20.560174
242.13848,145,20.622379
238.724437,152,20.688489
221.954839,105,20.734316
235.128149,127,20.789732
190.857389,102,20.834032
224.626778,97,20.876466
235.855904,106,20.922472
116.035767,65,20.950979
212.437695,101,20.994797
75.982449,50,21.016575
120.080546,65,21.044854
236.970119,115,21.094611
249.254818,149,21.1583
244.454479,124,21.212106
203.583844,116,21.262339
213.282001,112,21.310263
247.086622,136,21.369256
215.98678,107,21.415643
59.339466,38,21.432411
180.945331,101,21.476138
170.707005,96,21.518255
191.708893,104,21.562989
177.600436,87,21.601411
209.688446,104,21.646913
218.520696,115,21.697314
208.281604,105,21.743124
207.651954,112,22.253689
223.287801,111,22.301609
191.293246,86,22.338879
229.084521,113,22.387556
129.780738,68,22.416954
224.617573,113,22.466583
200.686925,105,22.51279
211.18317,99,22.555917
190.854373,120,22.608326
78.631791,54,22.631723
224.512952,111,22.680371
238.242124,136,22.739048
232.78603,113,22.787395
182.400604,104,22.832927
139.608447,69,22.863789
223.283865,102,22.908168
226.012688,114,22.958187
241.308583,117,23.008952
218.817282,110,23.056625
197.803519,96,23.097955
164.197325,88,23.135631
207.656595,91,23.174913
238.126675,116,23.224552
222.316399,120,23.275754
277.017105,157,23.343504
238.549272,115,23.392781
235.493237,104,23.437485
252.330232,120,23.488589
236.935971,118,23.53967
238.551659,117,23.590351
158.837292,74,23.620599
205.768636,102,23.664984
223.120401,120,23.71123
227.087865,108,23.757846
171.289104,95,23.799029
128.05653,67,23.82819
184.861263,90,23.866611
65.176521,38,23.883258
235.278597,103,23.924349
194.90311,109,23.96728
242.104701,113,24.016214
271.216839,165,24.088516
236.798061,125,24.143546
212.323687,103,24.188077
199.014839,96,24.230135
215.993273,112,24.278011
174.608218,86,24.315302
268.330839,126,24.369985
160.604353,91,24.91023
215.924652,95,24.951416
232.374168,104,24.996844
239.252941,112,25.04601
107.747845,59,25.072156
242.38866,110,25.120171
226.196372,118,25.172045
220.005287,100,25.215808
251.819027,125,25.270981
231.412383,110,25.319095
227.722683,103,25.364405
254.407533,120,25.416689
187.016363,95,25.457962
241.552437,115,25.508245
229.338045,109,25.55591
248.216657,123,25.608066
221.46176,103,25.651634
124.995911,67,25.680731
265.20354,119,25.733493
207.422786,108,25.780744
244.243378,117,25.832187
237.799332,120,25.885188
242.037506,117,25.93657
230.385158,111,25.985127
204.050612,106,26.031608
219.819901,110,26.079599
230.049264,101,26.123859
255.862948,120,26.175852
156.759861,86,26.213559
249.429676,125,26.268234
239.154116,119,26.319658
232.352405,113,26.368882
215.877688,109,26.416849
195.108291,100,26.460219
219.816145,108,26.507093
249.132741,113,26.556298
199.669498,108,26.60331
215.383322,103,26.647991
237.788216,124,26.702265
210.962743,104,26.748633
205.572868,94,26.789454
247.245166,121,26.841954
246.378001,126,26.896991
262.871072,132,26.954685
241.007437,121,27.00758
236.939102,108,27.05476
239.237328,115,27.55641
274.175878,120,27.608915
255.297239,128,27.66471
290.535619,129,27.721463
224.086066,106,27.767476
227.197792,111,27.815899
186.955905,92,27.855923
258.000088,119,27.906907
207.862215,94,27.946033
217.520436,113,27.995564
232.904311,117,28.047081
234.706888,114,28.096995
227.096377,111,28.145022
264.611468,129,28.200946
219.212892,100,28.244335
229.901382,109,28.29334
256.214642,135,28.352303
206.370725,98,28.394703
239.59257,112,28.443443
219.388036,104,28.48896
240.566926,106,28.535361
231.524544,112,28.584909
235.423893,105,28.630749
224.697999,104,28.676049
213.484443,107,28.722866
214.846725,101,28.767211
220.730272,98,28.809752
228.626193,118,28.860288
216.334791,99,28.903281
221.320119,103,28.948042
223.30814,110,28.996266
233.175724,108,29.043489
232.700498,108,29.090245
231.609236,129,29.146204
198.919926,101,29.190201
229.375137,115,29.241374
219.347592,107,29.287962
244.385803,119,29.339867
222.693167,113,29.389323
250.418554,115,29.439059
235.227885,111,29.488155
230.053824,114,29.537969
225.657458,108,29.585244
122.364236,66,29.613824
214.170407,102,29.657845
225.443028,102,30.195321
261.184463,131,30.250911
235.091273,116,30.299241
223.849927,110,30.34464
215.632477,102,30.386761
237.529775,107,30.430928
246.313486,122,30.481138
267.361766,123,30.532179
272.573673,120,30.581747
237.15516,108,30.62849
266.94796,120,30.681015
287.869438,127,30.735727
215.45676,107,30.781002
251.140369,106,30.826385
238.519124,107,30.872589
228.325549,110,30.919981
224.717529,105,30.964504
251.993187,115,31.014619
235.647227,110,31.061135
243.434,115,31.109178
199.916558,100,31.152263
229.72501,107,31.198362
247.405606,118,31.249163
267.998987,119,31.299799
233.593354,117,31.34787
259.316263,120,31.398726
270.137433,114,31.447156
225.121178,103,31.490168
283.654846,130,31.546764
239.759653,115,31.597866
237.36786,113,31.646892
241.20278,112,31.694166
267.795037,120,31.745215
249.376524,112,31.793997
221.02637,106,31.839978
273.155101,123,31.892086
240.324893,112,31.936657
266.770594,124,31.988767
239.035498,116,32.039192
259.725628,114,32.085069
228.358028,111,32.128393
235.681292,108,32.171878
260.242172,118,32.222882
250.103539,125,32.276226
227.893751,106,32.818512
287.030295,122,32.869216
243.878644,114,32.916721
308.631234,157,32.983717
275.732999,125,33.038042
264.266059,120,33.089985
285.575078,130,33.145938
242.154446,109,33.193516
272.261962,129,33.249883
210.594246,97,33.291737
252.295261,118,33.341548
232.93846,108,33.38615
249.515175,115,33.437077
245.591798,116,33.487419
237.408196,110,33.534964
249.621531,111,33.582385
260.811238,113,33.630921
238.279961,104,33.674669
278.09324,121,33.726725
236.268008,105,33.77196
238.225952,111,33.819471
288.459931,128,33.87421
225.155388,107,33.920006
316.931984,130,33.975068
262.077623,117,34.02339
254.269863,115,34.071061
287.385223,123,34.121399
252.229286,123,34.172187
247.952337,118,34.220957
257.924638,130,34.274856
328.597525,159,34.341506
232.569205,103,34.385931
231.025372,104,34.43119
235.74195,112,34.479412
251.369929,116,34.529267
283.340179,131,34.586317
263.361767,119,34.638406
240.612722,108,34.685252
226.508275,107,34.73031
289.12219,129,34.78625
242.643813,117,34.837651
223.222903,104,34.883057
226.199508,105,34.928855
265.619021,133,35.464237
301.68729,135,35.521606
277.815384,123,35.575216
356.495382,143,35.636598
275.403739,122,35.687614
196.508414,93,35.727998
228.690796,112,35.775887
253.903731,114,35.824468
221.615185,102,35.867881
277.855244,121,35.919642
251.34053,113,35.968107
254.381493,120,36.01962
268.010316,117,36.069567
265.58672,124,36.122484
299.435564,131,36.179646
330.42397,138,36.23887
240.106921,106,36.284821
319.118474,135,36.342677
296.929465,131,36.398829
290.349797,128,36.454552
244.821355,118,36.503577
254.107437,114,36.552537
329.218747,142,36.61394
302.433286,124,36.667117
224.920847,107,36.713753
266.584349,115,36.764534
280.069899,124,36.81793
301.740922,135,36.874032
318.946618,156,36.940907
244.018239,109,36.987355
241.5994,123,37.037958
269.373804,137,37.094476
312.895533,141,37.152255
261.191495,122,37.202355
341.379883,146,37.263076
288.517156,124,37.31421
285.939297,127,37.367422
321.128648,130,37.421048
240.424177,106,37.466827
249.288663,129,37.522146
256.1818,114,38.037708
254.435782,115,38.087786
288.966206,126,38.141116
259.310061,112,38.188087
338.189019,135,38.245667
359.939193,146,38.308093
309.150606,128,38.362535
338.432871,136,38.42013
316.270187,129,38.475611
242.117554,107,38.520988
281.118186,143,38.582777
274.390111,115,38.632828
368.466636,144,38.695072
303.195103,122,38.747983
285.020563,116,38.798072
257.019911,112,38.846525
268.496216,115,38.89649
331.358501,146,38.959026
323.896109,129,39.012847
230.64817,108,39.059783
318.147555,128,39.11487
297.726574,126,39.170806
304.571854,125,39.225082
335.359715,148,39.289106
240.111426,108,39.334715
333.757193,130,39.389795
245.18673,110,39.437964
259.268699,112,39.486329
300.674117,130,39.542486
302.090388,127,39.597014
246.835373,109,39.644144
308.663282,133,39.701864
293.272496,129,39.757515
356.601132,140,39.817969
304.328829,126,39.872421
276.676958,114,39.921537
335.702357,146,39.984143
283.77838,126,40.038592
338.116058,147,40.101753
263.151674,114,40.151108
330.99628,136,40.675753
360.720433,139,40.73613
251.232367,123,40.785353
334.867265,138,40.845054
313.551802,125,40.899203
316.541299,140,40.955042
240.084892,120,41.007119
324.618824,133,41.064721
311.158472,135,41.123239
346.211689,165,41.193924
315.930951,138,41.252344
314.675875,152,41.318104
264.319922,118,41.368657
243.993552,111,41.416216
296.841651,120,41.468127
329.047859,140,41.528166
322.028582,145,41.590903
316.013101,127,41.646068
303.266699,125,41.700053
296.485992,120,41.751778
223.449452,100,41.795322
320.545012,132,41.851946
352.899226,136,41.910836
304.281213,130,41.96719
329.771663,133,42.023969
334.510257,138,42.083923
322.404461,138,42.144016
300.087625,126,42.198341
344.426673,136,42.257283
310.46368,128,42.31317
253.405298,114,42.362743
306.542381,127,42.417886
294.283858,123,42.470873
313.10743,131,42.527766
385.019611,151,42.59116
318.803861,158,42.658911
327.719985,148,42.723156
315.068707,142,43.276899
333.355134,141,43.335335
347.235894,145,43.398065
327.218444,140,43.458582
340.577239,134,43.516059
319.718826,124,43.570204
299.723687,125,43.625016
337.539015,139,43.685543
337.568578,143,43.747386
328.496218,134,43.805698
260.949048,114,43.855336
379.235359,148,43.917354
317.6416,135,43.975822
299.34965,123,44.030056
349.372379,139,44.090156
356.691164,135,44.148695
330.341465,134,44.206459
276.369578,123,44.258541
321.509628,129,44.314686
339.817765,139,44.374695
318.213084,135,44.433577
306.821456,129,44.489369
287.237994,124,44.543069
404.011944,157,44.611013
335.93704,137,44.670691
216.576122,98,44.713122
303.639018,123,44.766254
308.040741,129,44.822883
317.105323,126,44.87774
322.333117,139,44.937906
350.974378,139,44.998094
329.260499,131,45.055151
366.820466,146,45.118484
277.876051,117,45.169648
346.810177,145,45.232411
310.04651,130,45.288719
328.467656,131,45.345557
334.347444,139,45.405991
315.160258,125,45.945839
336.151103,136,46.002007
340.774829,139,46.059419
334.662523,140,46.117295
333.337685,132,46.171955
365.688893,150,46.233291
357.0904,142,46.292214
353.341142,136,46.348085
373.312886,142,46.406103
315.846339,128,46.459091
295.301848,128,46.512299
341.000869,140,46.570314
273.646903,118,46.619039
331.10166,143,46.678109
317.120401,128,46.731139
341.082685,138,46.788441
322.952192,128,46.841424
379.786547,146,46.901498
367.656619,151,46.96378
354.878387,140,47.021409
376.512979,149,47.082929
293.753776,130,47.13664
401.504982,149,47.198039
354.67877,144,47.257684
340.394113,134,47.313186
322.553847,132,47.367748
337.407491,139,47.425103
391.620555,164,47.492711
344.467456,138,47.549581
331.275605,137,47.608545
338.013034,133,47.666359
354.307216,169,47.739866
297.94549,127,47.795151
359.048548,140,47.855962
301.341719,126,47.910337
382.756224,151,47.975755
362.937705,146,48.490811
371.461975,141,48.552209
325.242061,131,48.608605
330.437709,143,48.670719
337.737752,132,48.728403
359.324706,139,48.788287
309.377486,141,48.849669
367.888054,141,48.91092
341.149422,142,48.972725
379.174921,142,49.033783
330.076183,135,49.092196
306.410073,124,49.145019
314.5285,122,49.197716
364.527514,137,49.256871
326.526982,132,49.314074
348.828743,144,49.376338
322.710695,126,49.43116
366.765622,143,49.49242
319.27141,133,49.549467
327.476222,134,49.607426
370.290016,142,49.663083
340.764303,135,49.721039
388.409834,144,49.78383
356.501821,146,49.84706
257.63475,109,49.894449
339.210422,134,49.952347
382.373433,152,50.017778
350.309564,144,50.079697
370.939952,149,50.144085
366.60253,142,50.206401
330.121127,139,50.266548
300.259497,122,50.319379
347.964494,141,50.380032
360.745506,140,50.440899
387.400389,142,50.501691
371.634043,153,50.565941
366.808419,139,51.123548
392.981227,151,51.18682
405.563747,145,51.246627
372.819445,143,51.305683
352.736632,132,51.3604
335.69175,129,51.413685
388.06238,145,51.47341
414.016957,152,51.53579
391.046938,153,51.598674
326.421071,126,51.653359
390.264416,145,51.716014
369.784615,145,51.778157
402.912608,158,51.845536
352.662929,138,51.905641
331.019927,133,51.963278
337.502422,136,52.021043
416.983391,154,52.087431
363.123352,144,52.150007
392.394371,155,52.217212
362.216749,132,52.274618
364.577424,150,52.339174
343.239964,135,52.395399
376.334556,145,52.458162
375.462302,144,52.520693
364.765255,147,52.584824
342.75313,128,52.640178
411.234224,151,52.70559
369.267156,138,52.765664
352.967471,135,52.824348
332.30747,129,52.878138
360.330158,144,52.939487
394.314502,142,53.001157
390.342556,154,53.067765
357.980763,136,53.126539
363.409638,151,53.192576
381.799347,144,53.715282
389.777992,144,53.776245
355.19154,137,53.832421
400.356838,150,53.893986
376.670543,148,53.954719
425.333795,152,54.017222
410.538923,147,54.077148
393.234664,152,54.13982
401.264428,156,54.204051
385.467641,150,54.265719
378.478617,146,54.326083
396.29559,149,54.387701
383.920097,151,54.449782
144.304393,74,54.480917
346.859237,145,54.540291
372.276089,145,54.600084
308.809645,133,54.654714
370.5571,147,54.715251
339.148719,138,54.772598
319.500747,147,54.832635
401.24186,154,54.895389
339.6785,141,54.953408
395.514192,146,55.013869
414.856753,156,55.077888
349.820791,141,55.135547
371.816174,144,55.194885
421.033279,155,55.258385
356.830598,135,55.313979
334.749076,140,55.371458
399.688177,144,55.431022
361.939853,146,55.490863
590.730159,203,55.574331
435.518811,163,55.641066
376.73032,140,55.699007
383.060522,142,55.757791
367.396207,147,56.317928
557.546662,214,56.405125
322.107479,141,56.46264
394.832092,143,56.521611
393.792551,152,56.583638
392.403021,144,56.642988
385.861472,147,56.703451
422.133048,154,56.767165
339.681826,135,56.822673
397.85731,152,56.885078
401.094169,156,56.948667
394.982631,146,57.008772
395.196542,158,57.073921
386.820756,147,57.13409
415.749302,152,57.196421
390.9547,151,57.258343
395.716634,145,57.318116
422.802834,162,57.384806
399.680267,150,57.446229
391.189684,150,57.507941
376.692002,136,57.564029
376.689398,149,57.625225
398.109774,155,57.688745
392.278423,144,57.747849
368.34317,142,57.804506
391.74122,148,57.868007
367.022258,137,57.926283
372.965689,135,57.984103
368.277298,148,58.047489
376.529306,142,58.107872
373.394799,143,58.169746
379.318342,148,58.232411
369.909608,140,58.292269
393.952185,143,58.830263
326.699764,141,58.891515
368.843784,141,58.951182
401.919702,146,59.015023
433.311508,163,59.086497
416.97194,159,59.155919
396.749014,143,59.218063
368.566417,133,59.274157
410.462023,154,59.340984
368.13041,140,59.401666
395.607585,150,59.466658
384.709769,145,59.529144
394.78837,143,59.590598
382.964422,144,59.65178
393.888735,156,59.715877
385.426386,146,59.77845
352.061424,148,59.841258
568.691946,199,59.923645
464.738133,176,59.998636
395.982937,145,60.061333
356.487498,150,60.126437
415.822069,153,60.192732
436.426312,170,60.266038
388.644451,144,60.328864
373.390489,141,60.388221
403.963906,156,60.456005
399.294784,159,60.524814
435.38435,157,60.592684
374.841483,144,60.65513
202.735852,95,60.696468
450.131646,164,60.763518
386.787823,146,60.826024
451.155698,163,60.895069
435.187115,175,61.471305
393.777698,154,61.535635
456.10243,163,61.603248
441.428155,157,61.667657
407.741638,152,61.72983
429.648746,154,61.792354
591.508364,204,61.879528
377.691329,139,61.936819
444.781799,161,62.00485
384.608717,138,62.065075
374.392045,148,62.129244
398.868903,149,62.194131
441.484044,161,62.257695
436.553389,160,62.319544
410.954128,159,62.380457
418.043256,148,62.441286
375.053062,141,62.501844
425.099496,157,62.569643
325.907796,135,62.628213
366.811324,141,62.688913
395.425949,151,62.754698
382.300596,144,62.811625
368.793469,138,62.871526
411.542955,146,62.934624
377.632306,154,63.001595
420.974351,158,63.069497
387.012977,141,63.131083
402.289582,153,63.19775
379.430238,144,63.258644
416.906003,152,63.323523
385.675016,152,63.389174
413.231348,150,63.453418
400.907145,147,63.516935
404.295207,151,64.042804
428.705727,159,64.108469
549.762066,185,64.183858
413.174348,151,64.245581
453.803803,154,64.30827
358.994544,142,64.367135
402.636754,145,64.426543
370.847688,146,64.486158
397.091881,146,64.54608
534.083028,186,64.622514
427.722499,151,64.68449
445.425526,155,64.747955
422.9017,147,64.808554
435.670518,158,64.875332
713.565687,259,64.985797
413.450324,151,65.050608
475.419353,165,65.121202
439.547203,153,65.186265
457.280968,165,65.256912
481.261078,167,65.328196
406.957556,146,65.391392
406.936477,153,65.457081
402.43443,151,65.521807
397.105049,153,65.58755
390.944967,148,65.650295
463.823422,166,65.720226
386.8378,141,65.779727
377.230816,145,65.840407
421.29979,171,65.912698
430.323959,148,65.975635
493.850034,174,66.048582
368.692075,138,66.106743
418.060732,152,66.664066
427.516053,149,66.725096
428.667998,154,66.788947
391.99398,157,66.853035
397.217108,155,66.916494
443.172434,155,66.979728
651.744857,214,67.066887
559.911281,197,67.147316
363.113558,142,67.205259
541.834651,208,67.289992
431.01967,150,67.3516
517.349168,178,67.42547
260.512956,110,67.471457
420.56536,153,67.53402
458.470853,164,67.600504
430.269045,161,67.666809
536.128527,192,67.744842
559.715165,197,67.824911
425.224571,154,67.888601
509.580996,222,67.981489
549.976484,199,68.066169
572.658194,198,68.15068
399.409596,160,68.218773
489.361602,164,68.289205
608.149793,206,68.375325
407.943315,143,68.436121
473.322494,163,68.505482
473.301164,170,68.578372
557.924111,222,68.67318
228.522231,103,69.14989
431.685009,150,69.216416
562.964816,212,69.308102
632.764227,209,69.39627
490.971216,174,69.470442
233.607693,100,69.514348
624.030428,210,69.604954
570.672999,194,69.687756
435.47227,159,69.75521
609.266691,205,69.842304
553.114009,195,69.925046
610.029478,199,70.009975
598.639214,200,70.096411
616.166277,210,70.187206
380.127526,149,70.252013
388.932291,141,70.312883
572.135926,196,70.397176
351.101611,130,70.453705
214.421288,98,70.496822
541.894527,193,70.580593
646.700804,215,70.673496
578.977045,198,70.758703
604.149567,201,70.845282
480.780168,168,70.91565
649.614435,216,71.008737
429.055545,152,71.074361
556.072486,222,71.169537
653.899053,233,71.269854
582.478834,194,71.838502
386.82975,143,71.902144
740.400257,244,72.006695
621.417591,209,72.096574
376.355691,140,72.156796
584.385958,207,72.245757
575.486319,195,72.330649
403.226202,146,72.39327
508.585409,174,72.46771
438.501981,153,72.534801
613.051842,204,72.622208
648.661433,225,72.718993
416.780451,149,72.783245
530.637067,178,72.859347
430.896672,158,72.927599
504.683564,173,73.002036
440.475153,163,73.072139
664.897504,214,73.166802
460.250662,186,73.245959
576.160763,193,73.327488
858.735171,291,73.45208
426.738566,155,73.517826
650.427088,212,73.607542
400.489941,144,73.669578
589.585053,192,73.752477
911.988284,326,73.891237
449.492831,154,74.413271
844.058751,276,74.532114
513.469495,174,74.607545
548.649881,176,74.683347
611.639176,218,74.777591
365.495054,134,74.835713
613.607525,226,74.934066
636.130197,210,75.021301
630.258189,211,75.111217
650.501312,212,75.201538
606.271288,198,75.286252
581.837843,192,75.365604
690.855617,253,75.473606
644.593424,216,75.566336
404.82493,143,75.62744
630.460877,218,75.719628
603.559403,207,75.806808
629.929558,221,75.900103
762.495056,261,76.009108
608.598602,196,76.090174
657.120567,217,76.179578
585.425509,198,76.260723
661.403631,218,76.351279
640.803664,207,76.439346
423.04933,161,76.985345
763.026573,237,77.084769
607.074358,201,77.166719
818.33792,249,77.270073
566.347556,194,77.354772
498.797373,169,77.425899
808.537146,251,77.532574
620.786853,212,77.622632
686.512895,234,77.721421
624.07052,215,77.813169
591.415041,208,77.901738
704.315553,246,78.006169
711.720499,223,78.100214
788.504387,262,78.210921
871.273864,283,78.32987
678.448835,237,78.426728
835.401455,276,78.540055
691.064258,232,78.635983
755.840575,242,78.739063
606.836784,200,78.823946
456.396087,160,78.892947
631.212157,216,78.985013
653.40567,216,79.513257
673.60852,219,79.602796
513.864693,177,79.674829
771.328979,247,79.774995
712.591971,264,79.882173
690.027237,226,79.974498
669.976986,225,80.065673
612.052014,208,80.153794
452.953053,156,80.220505
689.74277,227,80.317647
965.068929,320,80.453778
628.127244,220,80.547464
1011.296901,332,80.68616
708.159639,226,80.782301
781.676778,254,80.889989
657.07834,224,80.983654
943.203003,305,81.107181
605.257164,203,81.18982
871.881611,290,81.306839
645.577958,209,81.391658
865.522516,286,81.507086
664.329913,219,82.092855
871.280807,285,82.215157
695.362572,234,82.316383
1005.023976,329,82.453676
981.332123,347,82.601065
790.815878,276,82.717603
590.862567,199,82.802018
986.094606,311,82.933617
825.855073,257,83.042836
815.706711,318,83.178761
684.204535,268,83.292684
654.697883,223,83.385756
412.776666,154,83.4516
877.082636,292,83.57541
844.492687,260,83.68542
764.982024,246,83.791377
740.682882,245,83.893755
1103.747152,357,84.038615
819.420817,258,84.143163
1022.674461,328,84.717827
1025.297474,330,84.859484
622.317515,201,84.945639
721.918485,256,85.05515
1120.422501,365,85.208497
712.825502,256,85.316348
838.919343,262,85.428825
623.63634,248,85.535833
662.600412,211,85.626313
684.329445,268,85.742545
797.365795,278,85.861232
808.73256,263,85.973355
1148.413228,366,86.12989
1099.562207,360,86.280034
729.217421,272,86.396308
841.740648,278,86.515494
519.75107,203,86.602581
1055.043328,346,86.747292
794.608371,255,87.325249
1305.887959,419,87.494665
1401.240148,512,87.702828
1297.083924,431,87.878414
1504.247013,497,88.079815
468.699249,198,88.163337
809.870434,275,88.28115
733.787342,231,88.379687
961.445713,328,88.520631
1173.373071,384,88.684114
1297.797257,439,88.868217
711.65357,230,88.96238
606.60381,189,89.039392
943.826119,314,89.167244
1141.456439,371,89.77288
739.125504,264,89.883817
1378.820328,477,90.087454
1116.422751,384,90.253785
1072.480169,339,90.397093
1157.372059,350,90.545767
903.354614,286,90.663539
1328.669651,445,90.841719
755.606995,234,90.940251
1055.772563,336,91.084348
672.863259,216,91.177159
1224.834042,416,91.352181
1267.599961,452,91.545228
1493.900373,523,91.768766
730.463,235,92.312576
961.427767,361,92.467217
818.082693,258,92.575375
1448.152797,492,92.785092
529.363002,170,92.855366
1121.436941,381,93.016437
1104.550606,366,93.17232
813.474874,257,93.283723
1066.219724,365,93.436163
1034.405207,382,93.597464
1365.920282,435,93.78094
1224.892783,400,93.95297
1141.904569,355,94.104442
846.638133,256,94.212831
700.164948,250,94.319591
935.740079,306,94.912923
245.666275,137,94.971464
1190.209878,404,95.141474
832.767243,279,95.257927
2113.883938,693,95.541687
718.507742,274,95.655574
1038.085675,337,95.792545
1132.759849,367,95.947162
1298.755817,445,96.136153
274.351632,155,96.202904
1188.891075,394,96.370218
1191.691742,392,96.534343
781.95163,280,96.651015
1173.549936,417,96.822253
1060.745237,360,96.967635
1149.411069,381,97.609938
1285.633624,411,97.777063
1302.79828,427,97.952866
1604.519807,535,98.178723
2268.593535,732,98.488835
1218.077718,402,98.656124
1171.021074,388,98.819507
1310.821745,414,98.995969
1747.65698,606,99.250466
848.704605,289,99.367535
1188.166263,376,99.525356
932.828978,317,100.127431
751.785599,275,100.238899
1023.382494,349,100.380175
388.001639,168,100.4513
2567.012863,852,100.81148
1220.110214,377,100.970116
1310.17997,418,101.145078
561.565095,218,101.237725
1555.691515,508,101.450507
837.880472,271,101.564728
1213.718426,380,101.724805
1245.472714,418,101.902676
1106.771162,348,102.050819
1498.445425,505,102.768062
1806.307054,584,103.017931
1138.630525,359,103.171358
872.138904,261,103.283828
1110.499131,369,103.439807
1277.870907,436,103.626023
1467.788243,491,103.832397
1088.689021,351,103.979817
2307.169356,751,104.294985
1346.108025,444,104.485187
1317.522057,452,104.675292
1947.751501,619,105.365982
1904.178348,608,105.620309
1637.03136,507,105.826398
488.845358,190,105.903916
1622.513561,518,106.114183
1063.744527,348,106.255421
1130.857575,353,106.398934
1288.972855,409,106.564837
2823.539029,1000,106.985747
872.526614,275,107.098002
1392.300969,436,107.758113
2500.826592,803,108.090395
1894.658272,622,108.34659
905.456738,288,108.468901
786.265886,284,108.588512
818.29403,294,108.707637
1952.337004,711,108.98842
1155.397206,365,109.144017
1065.430759,362,109.29645
1211.698962,388,109.458388
2141.469097,699,109.753012
857.0493,296,110.345489
1111.123834,352,110.49475
654.07839,232,110.590842
2153.897426,676,110.876043
1573.99324,525,111.087983
2821.977734,931,111.481857
1812.046895,595,111.734629
956.904509,310,111.866483
2526.436275,811,112.209783
2914.807598,1000,113.070644
2939.967485,1000,113.490018
2829.384331,918,113.865
2806.528594,1000,114.272871
2824.865657,1000,114.678375
897.45609,341,114.816317
874.256113,292,115.388932
2789.365614,922,115.772117
740.930281,280,115.891687
1254.245864,412,116.054753
2883.61358,1000,116.474913
601.348229,258,116.580359
1144.210148,353,116.723385
1216.044832,451,116.911059
1511.599197,520,117.123189
2808.371063,906,117.976444
1111.02644,349,118.1245
885.071491,322,118.263012
2803.05216,1000,118.686509
2923.973634,959,119.094073
2887.04688,1000,119.516793
1024.891142,375,119.67658
1791.688954,609,119.932333
1645.086089,543,120.598549
2815.653588,1000,121.012574
2821.860489,1000,121.435191
929.005806,317,121.569055
1040.933469,356,121.720034
996.605042,328,121.858687
632.040347,251,121.963234
1814.765884,590,122.213078
2973.835485,1000,123.139496
2851.986049,964,123.547231
501.836986,195,123.629059
2794.896898,1000,124.050985
992.577028,341,124.194848
2255.707354,728,124.49391
1865.87532,606,124.742781
2678.4049,945,125.576369
2837.138213,1000,125.9914
1512.905061,526,126.216571
2587.826271,940,126.618425
1068.19443,359,126.768912
1820.679832,592,127.013937
1367.002745,461,127.210883
1063.449797,352,127.357372
1319.899266,475,127.560201
2486.554784,846,128.411993
2226.098017,757,128.734644
1680.547629,582,128.983153
2797.960786,1000,129.407834
965.109929,320,129.544024
2866.429879,1000,129.973333
1205.255772,396,130.140951
1455.366261,470,130.78328
2925.279595,1000,131.191153
986.429528,341,131.329416
2656.065353,1000,131.73891
1782.618012,568,131.97673
2808.500603,996,132.399727
884.700082,341,132.546853
2904.865204,1000,133.424024
2185.310297,712,133.712673
2880.734129,1000,134.11911
2778.834854,1000,134.52658
789.731257,287,134.643592
2884.758265,1000,135.062871
1146.619244,440,135.245107
2645.976047,868,136.054868
3028.734171,1000,136.471751
2169.013447,682,136.764691
2644.474728,850,137.125837
2907.329398,1000,137.554696
576.184182,218,137.647273
2907.445632,1000,138.575212
2794.95544,1000,139.002079
2872.552191,1000,139.426565
1176.227978,377,139.589081
1340.945331,425,139.769834
2840.214138,1000,140.200544
1216.266423,411,140.375168
1885.0767,639,141.131135
2109.995332,692,141.421486
1667.603947,519,141.640491
2641.555378,857,142.001632
2912.13283,1000,142.427155
2862.5567,1000,142.855341
2934.454819,1000,143.722355
2318.67832,751,144.033547
2860.883648,1000,144.446442
2756.886772,1000,144.869087
2846.799546,1000,145.292073
2887.567065,1000,146.160132
2354.623568,808,146.488817
2686.217881,1000,146.898169
2874.464432,909,147.267442
2105.324342,726,147.56334
2337.160222,770,147.877232
2834.342396,1000,148.74257
1760.695713,600,148.987697
2506.500681,854,149.325944
2820.332375,949,149.732162
2965.256805,1000,150.1587
2830.808263,1000,150.587325
2836.089239,940,151.416736
1531.990837,496,151.61814
2788.76728,1000,152.025386
2920.284029,1000,152.431529
3104.264189,1000,152.834304
1149.84839,414,153.009411
2918.065491,972,153.899074
2775.611542,891,154.261336
2923.318719,1000,154.67474
1369.966561,424,154.856774
2562.533153,844,155.212142
2638.294412,1000,155.640128
3062.141637,1000,156.53657
2756.320311,1000,156.946573
2755.973002,1000,157.355016
1190.222483,375,157.506941
2414.215781,807,157.835611
2932.995005,1000,158.24344
1638.748318,564,158.975232
2553.76976,805,159.30609
2965.788594,1000,159.722226
2467.069406,821,160.035976
2800.809166,1000,160.437339
1874.653984,648,160.713618
1365.907839,461,161.384784
2815.52149,1000,161.813849
3039.47986,1000,162.241243
2123.74232,693,162.533906
2676.771902,879,162.909676
2966.93597,1000,163.322608
2167.746587,728,164.12101
2477.486123,811,164.449598
1583.628306,505,164.653964
778.165389,281,164.768866
2626.940485,846,165.112515
2288.791718,759,165.423246
3007.198966,1000,165.849966
3009.958099,1000,166.734812
1334.972169,445,166.923989
3012.510225,1000,167.352371
1274.911082,421,167.531048
2421.604797,735,167.838536
1918.505422,589,168.084597
1945.197589,618,168.346817
2493.325486,811,169.17637
2982.256799,1000,169.598909
2843.634892,888,169.970497
2238.784148,763,170.294169
2892.203413,1000,170.719328
1309.79875,425,170.894513
2909.905581,1000,171.774392
2992.554772,1000,172.197246
1933.584994,642,172.457081
1895.791501,620,172.69461
3010.380724,1000,173.118348
1334.850439,435,173.304577
2978.98759,1000,174.218338
1380.263288,434,174.395242
3041.316712,1000,174.805401
2987.758606,1000,175.215682
3032.792675,1000,175.624202
3068.79893,1000,176.032951
2308.645859,791,176.854309
1756.06463,596,177.095778
3017.944519,1000,177.511213
2936.614089,931,177.908862
2309.904752,747,178.226412
1342.995379,415,178.403134
2932.173094,1000,179.280666
2987.403231,1000,179.705224
1032.947609,325,179.839793
2836.657738,1000,180.259084
2730.632021,912,180.648369
2810.44289,1000,181.062352
3089.668672,1000,181.95237
2878.884378,1000,182.401047
2842.41511,1000,182.827181
2862.49621,1000,183.253101
2928.789206,1000,183.680708
2042.866648,633,183.952313
2940.997084,1000,184.864036
3073.000893,1000,185.27345
2934.707344,1000,185.68826
1408.714186,469,185.887688
1171.041604,366,186.043506
2859.944013,1000,186.470487
2790.270377,1000,187.365376
958.974741,291,187.483106
2846.709282,1000,187.901499
2959.62021,983,188.32024
1711.927093,559,188.555426
2106.019275,687,188.845013
2979.338914,1000,189.741303
2939.729413,1000,190.160762
3048.906346,1000,190.56762
2667.251816,1000,190.982703
2943.339979,1000,191.406318
2638.009331,887,192.280999
2906.283484,1000,192.687262
2958.140449,1000,193.092536
3057.185163,1000,193.513119
2822.212763,1000,193.938561
621.001016,277,194.058234
2890.046607,1000,194.970906
2992.08662,1000,195.399238
3011.267165,1000,195.826554
2926.550549,1000,196.256912
3003.152814,1000,196.68514
2034.86807,640,197.417775
2905.382281,1000,197.824845
2894.321181,1000,198.233962
2794.038129,1000,198.65993
3017.472981,1000,199.073375
2890.371314,1000,199.984195
1448.141859,466,200.182015
925.587839,327,200.320549
2887.202058,1000,200.751721
2947.740577,1000,201.175079
2980.171529,1000,201.600334
1098.948898,357,201.752961
2288.578472,761,202.078484
2884.850574,1000,203.00519
3061.71493,1000,203.422936
2945.240608,1000,203.834109
2812.180198,1000,204.254466
1698.386596,546,204.488261
902.885075,294,204.611357
1618.537215,497,205.313847
1712.716749,524,205.5254
2807.300081,1000,205.935529
2926.431914,1000,206.342241
921.681166,294,206.461217
863.355767,262,206.567348
1534.647118,480,206.76337
2249.286379,769,207.074273
2653.100661,855,207.891773
1537.756471,475,208.085372
2996.500648,1000,208.492548
2197.479452,710,208.77997
3015.754721,1000,209.186046
1825.564658,627,209.440006
1146.001561,392,209.598207
1180.709484,386,210.18715
2831.409285,1000,210.595992
1721.931045,546,210.823608
2975.286074,1000,211.241959
2964.419098,1000,211.652305
2877.744322,1000,212.07262
2988.041925,1000,212.972621
2861.397096,1000,213.40302
3021.830327,1000,213.829996
2932.709244,1000,214.256855
3039.930312,1000,214.684303
2891.714167,1000,215.596991
2978.61688,1000,216.023311
2911.612769,1000,216.451116
988.57041,307,216.581882
2401.075745,758,216.904276
1384.149062,468,217.101774
2842.232886,1000,218.012144
2995.162695,1000,218.434647
2917.264731,1000,218.852429
2878.79065,1000,219.281612
2883.441079,965,219.691361
2909.575245,1000,220.606558
2888.125347,1000,221.02009
2971.001927,1000,221.439441
2891.026274,1000,221.864409
3027.383845,1000,222.292646
1939.506366,631,222.558869
3000.872739,980,223.446469
1828.241444,607,223.705548
2866.008663,1000,224.13175
3041.018388,959,224.538019
2939.632571,1000,224.957082
2972.259553,1000,225.866032
2894.546485,1000,226.289551
3011.492154,1000,226.712381
2981.695821,1000,227.127603
2942.727847,1000,227.546282
947.216691,290,227.668902
3003.250408,1000,228.591443
1236.407171,384,228.750378
2897.45636,1000,229.167644
2289.008121,736,229.480834
3007.851504,1000,229.908285
3022.2968,1000,230.331875
2866.093192,1000,231.206668
2923.320256,1000,231.630259
2948.457681,1000,232.052516
3005.527759,1000,232.473482
2893.452595,1000,232.887603
2986.111244,1000,233.802783
1259.027177,398,233.972013
1158.55781,371,234.129529
2962.586522,1000,234.553413
3096.390382,1000,234.976872
3075.765939,1000,235.402075
2953.188599,1000,236.29399
3051.635549,1000,236.702964
2972.448723,1000,237.111571
3022.193693,1000,237.519596
2994.301467,1000,237.93088
1247.659813,420,238.106575
963.78918,301,238.717831
2890.80734,1000,239.139758
1428.443833,444,239.326712
3021.464517,1000,239.734731
2882.900384,1000,240.158575
3018.726992,1000,240.584852
2935.799827,1000,241.476427
1218.330673,364,241.622683
3081.262345,1000,242.035605
825.136151,254,242.141654
2952.98796,1000,242.566647
2955.843695,1000,242.987054
3036.409431,1000,243.823225
2959.071481,1000,244.25243
3053.758479,1000,244.6803
1170.681232,357,244.827822
2957.406758,1000,245.234068
3005.828995,1000,245.661557
3027.549019,1000,246.573345
3101.561255,1000,246.989012
3015.290878,1000,247.396905
3085.788634,1000,247.803789
1942.527687,609,248.050199
2985.606367,1000,248.939604
2946.499236,1000,249.34743
1993.150569,687,249.626045
3044.696155,1000,250.033268
3049.018644,1000,250.44139
3087.004833,1000,250.848212
2968.560018,986,251.731014
3058.852161,1000,252.126513
907.64845,293,252.250446
3137.643976,1000,252.677129
1491.510467,455,252.870335
2987.681265,1000,253.295001
3024.907225,1000,254.196036
3038.241113,1000,254.619182
1232.091271,375,254.776404
3020.912434,1000,255.200185
3042.453771,1000,255.621768
3016.942102,1000,256.518941
3019.541546,1000,256.927646
3008.72116,1000,257.345713
3075.778448,1000,257.766585
3050.349234,1000,258.194694
3109.537144,994,259.054395
2001.720452,620,259.305592
3018.284352,1000,259.711916
1358.071535,415,259.880642
3072.772658,1000,260.28694
3050.008744,1000,260.695538
3064.550266,1000,261.583608
3231.920659,1000,261.988729
1505.364891,451,262.171219
3095.496764,1000,262.581781
2575.717757,801,262.909861
3003.851668,1000,263.331135
3095.758559,1000,264.17655
826.668893,253,264.278676
3055.374215,1000,264.68612
960.157747,292,264.808259
3091.787139,1000,265.215819
3022.808124,1000,265.624422
2812.163155,888,265.992515
2987.019222,1000,266.910658
1947.749612,626,267.166629
1452.617717,434,267.341127
898.634498,264,267.447526
3108.734375,1000,267.850933
2235.703075,690,268.141931
3088.733323,1000,268.566164
3179.957575,1000,269.422356
3029.678088,1000,269.847891
2801.331744,887,270.223567
3087.162786,1000,270.647396
1155.555544,354,270.797825
3090.202092,1000,271.223539
3139.002379,1000,272.123439
2993.303933,1000,272.538766
1712.680479,546,272.7711
945.801057,288,272.893335
3127.58935,1000,273.317064
2974.623084,1000,273.7411
3014.910999,1000,274.599025
3053.829435,1000,275.008794
3002.637929,1000,275.431093
3045.208759,1000,275.852112
939.452848,279,275.96727
3034.555189,1000,276.887281
1994.627636,601,277.140566
3073.700119,1000,277.564822
1657.891325,502,277.778874
3137.546089,1000,278.199155
2416.504984,761,278.522653
3052.278127,1000,278.948508
1945.765959,604,279.668757
2997.361935,1000,280.082001
908.958217,272,280.196609
3054.157305,1000,280.614619
2744.513707,874,280.976479
2178.838848,712,281.275908
955.442287,281,281.385605
3025.532361,1000,282.268317
3130.285865,1000,282.674078
3133.712049,1000,283.099321
1380.797319,423,283.281654
3012.165387,1000,283.704762
1208.907912,361,283.857706
3151.175019,1000,284.713335
3080.30005,1000,285.121591
3143.850866,1000,285.529199
3062.097671,1000,285.93682
3222.746412,1000,286.343637
2653.212625,818,287.109386
3042.582937,1000,287.51733
1020.647133,322,287.648363
3034.87102,1000,288.056444
907.29031,275,288.167717
1448.097393,428,288.341097
3086.594396,1000,288.748184
3050.583312,1000,289.587427
2474.244923,764,289.907269
3060.164818,1000,290.328884
3056.831976,1000,290.751226
2289.865452,716,291.055653
2654.488503,814,291.397059
953.318965,281,291.515527
852.971874,254,292.100879
1968.604697,594,292.340755
1229.372359,368,292.488725
3097.694748,1000,292.894992
2896.560479,888,293.253895
3083.571123,1000,293.657852
2535.960737,784,293.984791
1427.136025,457,294.649277
3093.929788,964,295.040323
3021.072559,928,295.416242
3033.01953,1000,295.82131
3139.08992,1000,296.226741
1712.570098,534,296.442025
1513.342132,502,297.1386
1448.430541,436,297.321964
871.782007,269,297.436426
2245.523451,682,297.725299
3027.971002,1000,298.147522
3067.582833,1000,298.560317
2218.384558,708,298.846683
2185.400494,672,299.117036
3027.833704,1000,299.959474
1502.591227,448,300.140162
1505.536789,460,300.325948
3060.584675,1000,300.73138
820.853433,241,300.831528
643.711847,191,300.912676
2484.343809,796,301.250479
3048.653213,1000,302.167235
3066.242081,1000,302.582451
3062.649509,1000,303.003043
3171.058903,1000,303.424471
2850.892254,899,303.804574
2234.813841,695,304.098008
1916.016184,578,304.842629
2795.173255,857,305.195891
1231.291035,360,305.342699
3165.542347,1000,305.762794
669.034782,207,305.849153
1059.450156,314,305.98232
3079.111033,1000,306.408175
865.376186,252,306.514909
2808.931191,881,307.375401
1183.760115,351,307.517137
861.638678,251,307.618401
3090.728792,1000,308.024076
3127.995299,1000,308.429472
2995.356483,1000,308.836044
1978.245418,617,309.086176
1393.651596,433,309.26161
2995.018642,1000,310.170158
3055.766996,1000,310.593313
3115.911986,1000,311.013857
3070.800064,1000,311.419277
3097.160728,1000,311.824509
3035.871836,1000,312.735177
3240.124512,998,313.158133
3070.41882,1000,313.585117
3133.308703,1000,314.012986
3097.863708,1000,314.437496
3091.215207,1000,315.293062
2376.849696,726,315.586871
3096.703617,1000,315.99431
2236.185561,675,316.268013
2646.17845,810,316.596274
3016.93587,1000,317.005244
3112.557655,1000,317.902442
1573.399367,478,318.10204
2914.724756,930,318.498768
3135.928384,1000,318.922224
2271.571229,710,319.225229
3095.267829,1000,320.145564
1484.679483,460,320.329182
3035.382811,927,320.720352
3117.831647,1000,321.14763
3130.26049,1000,321.572721
3084.346289,1000,321.992377
3080.707631,1000,322.910186
1489.295969,443,323.093432
1193.014014,362,323.247885
2510.650869,761,323.568445
2583.842835,782,323.897509
2778.735639,849,324.258506
1122.219593,356,324.409012
2592.984313,798,324.745511
2851.017904,874,325.576883
3128.359815,1000,325.982856
3097.220098,1000,326.407265
2472.842416,780,326.738963
962.163304,297,326.865442
1524.030981,484,327.072004
3159.947778,1000,327.986439
3171.584406,1000,328.394204
1717.183906,529,328.608422
2088.310062,643,328.869654
1695.518002,519,329.079911
3209.922247,974,329.475495
3122.791512,1000,329.881568
3139.813505,1000,330.768493
1723.068582,525,330.990791
3102.636122,1000,331.408716
3072.674982,929,331.794395
3034.789731,1000,332.215062
3160.779761,1000,333.103556
3087.114517,1000,333.517819
3071.073641,1000,333.937514
1190.412287,362,334.089521
1266.903068,381,334.249556
3060.225664,1000,334.669272
3066.762052,929,335.50236
3118.293933,1000,335.918647
3232.165925,1000,336.337273
2064.932016,635,336.601103
1176.11834,354,336.75047
2441.772549,741,337.063731
3078.881369,1000,337.481011
3063.741092,1000,338.388223
2170.166171,655,338.662501
3059.989539,1000,339.082452
2522.135657,781,339.409288
3093.882012,1000,339.833069
3041.638208,1000,340.752083
3200.417234,1000,341.158035
3069.206762,1000,341.571317
3203.169257,985,341.984141
3042.686065,1000,342.405341
2222.046218,700,342.701119
3144.852156,1000,343.590761
3129.197449,962,344.002401
866.386503,263,344.114521
1340.786164,418,344.292238
3097.848033,1000,344.717038
3003.956273,923,345.102315
3111.965841,1000,346.018885
2496.215425,763,346.325166
3165.141805,984,346.742227
3116.817673,1000,347.167202
1672.19687,514,347.384154
3116.777482,1000,347.805971
1422.885052,437,348.442331
1725.744543,536,348.670686
3072.089955,1000,349.068006
3130.653941,1000,349.495772
1255.673243,376,349.654734
3074.508028,1000,350.081368
3083.102938,1000,350.947837
3050.607543,1000,351.354639
1683.256365,511,351.561022
1727.336511,525,351.772956
2561.937683,816,352.103393
1285.574761,396,352.264502
3124.752232,1000,352.670238
2010.595787,620,352.921544
3128.967789,1000,353.766303
2508.604369,776,354.081336
1974.114683,612,354.329466
1471.680662,450,354.517698
1509.977095,466,354.714768
2713.767075,838,355.067031
3139.056572,1000,355.973313
3041.380563,1000,356.383814
3164.946535,1000,356.829863
3079.760936,1000,357.260732
2571.370603,794,357.601032
3127.528162,1000,358.022396
2437.599702,764,358.862181
1295.738979,389,359.026449
1448.976134,452,359.215723
3068.597806,1000,359.640379
1512.820364,472,359.84172
3075.807293,1000,360.270665
3149.709602,1000,360.693735
3096.997848,1000,361.610813
3144.183971,1000,362.019817
3114.670621,1000,362.428056
3042.298328,1000,362.83872
1736.087468,517,363.059986
3110.287786,1000,363.956876
3128.139204,1000,364.366198
3146.046964,1000,364.774654
3166.161653,1000,365.181672
3110.79885,1000,365.589227
3078.503531,1000,366.487845
3128.303604,1000,366.896626
3235.334404,1000,367.304135
3073.672158,1000,367.711752
3083.375332,1000,368.11998
3105.18527,1000,369.033159
3166.529123,1000,369.452258
1258.601765,384,369.612971
3082.444777,931,369.99644
3121.065953,1000,370.416616
3107.973981,1000,370.846084
3165.106536,1000,371.778406
828.563979,242,371.882522
3121.878981,1000,372.306726
3114.470754,1000,372.720643
3235.991649,1000,373.14673
3174.345088,1000,374.081896
3097.225946,1000,374.502323
3155.61534,1000,374.925208
3196.040175,979,375.34413
3146.908724,1000,375.766843
3248.806728,1000,376.683722
3069.525141,1000,377.090485
3061.075263,1000,377.497015
1283.904817,391,377.65564
3028.354618,1000,378.060536
3064.688438,1000,378.466834
3171.459796,1000,379.340667
929.308041,279,379.45347
2262.127318,684,379.730512
2802.233962,853,380.081768
1181.025531,346,380.221947
2521.681079,779,380.537374
3131.961896,1000,380.959165
3112.252001,1000,381.836968
3124.046832,1000,382.247172
3163.111931,1000,382.655521
2784.398089,883,383.023662
3072.323803,1000,383.448992
3090.819105,1000,384.377537
3112.945361,1000,384.802666
906.564961,270,384.916808
3121.728759,1000,385.339633
2289.876358,697,385.632812
1717.665196,523,385.853748
1450.577801,442,386.039265
940.785425,289,386.160445
3151.018669,1000,387.043489
3038.99222,1000,387.467438
3091.640553,1000,387.886149
3122.696591,1000,388.31327
3083.205613,1000,388.729871
3013.68882,923,389.564668
3122.072575,1000,389.970764
3157.418006,1000,390.378098
3178.330025,1000,390.784033
1437.521609,417,390.959152
1981.52342,602,391.210164
3168.951235,1000,392.081184
3165.210858,1000,392.488023
3122.934734,1000,392.894608
3197.442776,1000,393.274373
3104.555384,1000,393.697157
3154.789603,1000,394.594854
1149.050197,337,394.737609
1694.776931,510,394.955039
3146.359801,1000,395.379704
3168.690471,1000,395.806669
3120.146256,1000,396.231553
2270.019386,690,396.522189
3104.469284,1000,397.474718
1150.308582,355,397.622587
78.796669,46,397.642249
3011.671608,937,398.034744
2194.414387,664,398.312804
3135.001884,1000,398.738592
3108.60217,1000,399.162267
3177.887467,1000,400.019618
3055.791481,1000,400.44955
3153.67064,1000,400.874048
3131.982649,1000,401.30319
3260.685064,1000,401.725467
3171.830068,1000,402.630375
3091.30739,935,403.011817
3120.526676,958,403.41548
3149.400812,967,403.80854
3177.581526,1000,404.215754
3130.684965,1000,405.101829
3136.501419,1000,405.50878
1831.153648,547,405.731287
3156.437483,1000,406.152728
3111.860933,1000,406.579149
1219.668239,367,406.735877
633.695043,199,406.82051
3118.054557,1000,407.672348
3199.738057,1000,408.075643
3153.775811,1000,408.481317
3155.289078,1000,408.888116
3140.195413,1000,409.29357
3165.907103,1000,410.203941
3117.451148,1000,410.608889
3152.109529,1000,411.024585
3147.666128,1000,411.445895
3173.22751,1000,411.867797
3149.962761,1000,412.714597
3165.348288,1000,413.123152
3171.414352,1000,413.52922
3151.28041,1000,413.937436
3244.782728,996,414.342396
2864.503865,875,415.180605
1411.457026,430,415.354637
2758.87877,836,415.694875
2861.436293,878,416.053119
1749.639156,541,416.273694
1513.414282,454,416.458291
1913.73639,583,416.696396
3122.119037,1000,417.574131
3068.958467,1000,417.995548
3190.020186,1000,418.417786
3115.136793,1000,418.845558
2372.656399,754,419.167428
3115.261777,1000,420.034147
3108.222083,1000,420.456196
3074.827316,1000,420.88162
3152.042686,1000,421.297359
1253.13532,390,421.445327
3142.224129,1000,421.867465
174.021121,87,421.905455
3127.196393,1000,422.766872
3104.95697,1000,423.190388
1801.889593,556,423.426296
1358.839289,405,423.598755
3108.646307,1000,424.02477
3106.538086,1000,424.446354
3141.870872,1000,425.351211
3138.383643,1000,425.75923
3121.49093,1000,426.168375
2280.447245,691,426.448878
3123.020779,1000,426.856833
3140.019863,1000,427.712712
3140.843551,1000,428.120352
3191.282396,1000,428.526278
3121.173647,1000,428.934235
3113.622385,1000,429.340952
3088.729547,1000,430.21757
3155.064548,1000,430.639488
3142.816365,1000,431.055809
1237.723859,369,431.206787
3225.79226,1000,431.629318
3164.505404,1000,432.051601
3151.739677,1000,432.932067
3146.738948,1000,433.354534
2213.371336,671,433.640132
3150.207167,1000,434.06499
3187.958473,1000,434.489068
3155.823244,1000,435.376731
3183.669136,1000,435.792345
3146.238534,1000,436.215003
3192.263894,1000,436.6289
3172.872401,1000,437.055631
2225.416326,664,437.821789
2207.536108,661,438.10363
3173.238341,1000,438.527713
3159.606584,1000,438.952478
3191.093884,1000,439.376588
3146.615393,1000,439.800524
1168.923807,348,440.448587
3301.38142,982,440.854008
3190.06993,1000,441.276526
3210.466654,1000,441.700044
2268.108933,678,441.989703
2196.444192,677,442.279795
1927.733042,576,442.955003
3166.072287,1000,443.375132
3118.409263,1000,443.785331
3200.424317,1000,444.21388
3135.987066,1000,444.641835
3124.040135,1000,445.546182
3193.263003,1000,445.975163
3150.639956,1000,446.40175
192.563525,92,446.441776
3175.48759,1000,446.870774
3181.227102,1000,447.293454
3156.501101,1000,448.192885
3109.85673,935,448.589846
1531.339655,455,448.784197
3175.93692,1000,449.203838
1924.148001,590,449.454159
3125.446697,1000,449.879907
3188.011509,1000,450.789204
3171.412346,1000,451.21615
3185.868152,1000,451.640395
1667.759742,506,451.855702
3111.085394,1000,452.280253
3154.127318,1000,452.703747
3176.473315,1000,453.608483
3120.569615,1000,454.020828
3219.243029,1000,454.437617
3169.009917,1000,454.847991
976.700665,304,454.978192
3135.990301,1000,455.39802
934.07288,271,455.99233
3127.835818,1000,456.416828
3127.979037,1000,456.843916
3218.549214,1000,457.269286
3174.698308,1000,457.694656
1446.584592,443,457.88387
3139.755586,1000,458.746317
3156.013761,1000,459.166385
3095.064153,1000,459.572757
3159.245334,1000,459.980239
3084.88987,1000,460.386817
1152.436497,358,460.531866
1422.276721,441,461.160784
3166.843453,1000,461.588582
735.687513,245,461.692577
3087.271357,1000,462.108722
3138.345255,1000,462.528129
2330.617239,706,462.830044
2837.569476,873,463.667461
3099.109616,1000,464.089359
3152.165973,1000,464.516829
3070.806757,1000,464.93592
3081.794066,1000,465.364939
3159.511516,1000,466.293122
3178.345436,1000,466.727732
3096.03963,1000,467.152755
2216.108927,681,467.442046
3163.489171,1000,467.861074
3167.99202,1000,468.290297
3183.49718,1000,469.17696
3091.430041,1000,469.585847
3151.227921,1000,469.994924
3130.032428,1000,470.407433
3111.507879,1000,470.803689
3137.574631,1000,471.708094
966.187851,291,471.825653
3138.533019,1000,472.233442
3197.767219,1000,472.639278
3117.174667,1000,473.061157
1690.726258,511,473.279044
3178.566784,1000,474.187039
3146.483133,1000,474.602522
2485.378652,762,474.927924
1241.314689,383,475.093013
2780.326059,832,475.442875
3140.014159,1000,475.867088
3106.101368,1000,476.772694
3172.875625,1000,477.192602
3155.127746,1000,477.617735
3139.526182,1000,478.038106
3142.955863,1000,478.466148
939.923673,286,478.587861
3180.878862,1000,479.460212
3114.230101,1000,479.873668
1526.130642,451,480.06392
3171.675008,1000,480.485228
3148.486418,1000,480.911022
3176.957057,1000,481.803691
3167.266476,1000,482.230467
3116.167391,1000,482.646506
3138.538047,1000,483.073831
3167.422239,1000,483.508626
2755.523433,816,484.313362
864.684691,276,484.430977
3131.048494,1000,484.853937
1228.751071,370,485.010342
3155.437824,1000,485.437823
3062.612009,1000,485.861889
3178.625891,1000,486.286961
1414.974018,419,486.960881
3181.459489,1000,487.385876
2983.202896,890,487.762984
3130.775215,1000,488.190517
3135.467767,1000,488.645915
2271.728185,684,488.935995
1759.742133,523,489.650853
3161.229613,1000,490.081846
3111.534265,1000,490.510376
3158.115166,1000,490.95247
2461.858707,751,491.254197
1773.997021,528,491.479787
3273.790543,1000,492.369175
2160.241771,648,492.649669
1912.041072,589,492.90715
2834.359832,858,493.26451
1770.835019,532,493.481971
3158.854225,1000,493.901215
1677.601844,519,494.12068
3186.241088,1000,495.000636
3166.098337,1000,495.423804
1424.97908,425,495.604695
3181.320701,1000,496.031854
3164.598846,1000,496.448132
3166.44225,1000,497.36638
3148.929286,1000,497.796144
3224.269536,952,498.184177
3154.897062,1000,498.606307
3161.444148,1000,499.024538
2339.505527,713,499.315807
3163.710091,1000,500.204485
3168.434196,1000,500.61188
1781.93097,551,500.836054
1547.503165,463,501.024205
2688.868277,811,501.365148
3145.168557,1000,501.791285
3172.702436,1000,502.69109
2750.264473,832,503.044549
3129.77499,1000,503.459795
3171.35416,1000,503.883755
3176.268758,1000,504.296801
3133.590118,1000,505.190148
3168.205488,1000,505.621558
3140.448235,1000,506.045871
3122.704646,1000,506.465706
3165.088501,1000,506.884874
3147.202196,1000,507.728815
3162.3511,1000,508.170651
3148.524217,1000,508.638308
1617.672581,478,508.833683
2218.148448,674,509.114839
3169.67477,1000,509.588992
3312.290716,1000,510.499489
3169.085554,1000,510.920795
3171.743579,1000,511.333521
1743.142854,518,511.543235
856.827538,248,511.646212
3177.135532,1000,512.067278
3158.348841,1000,512.962976
3131.453764,1000,513.370803
1207.012379,367,513.519782
3122.194239,1000,513.926974
3250.971691,1000,514.330983
3177.765588,1000,514.736171
3174.410201,1000,515.655602
2652.194474,797,515.986455
1852.545724,591,516.231997
1137.452863,345,516.376662
3144.794229,1000,516.812202
3174.392362,1000,517.255817
902.690209,276,517.377227
